lga_id,lga_name,state,geopolitical_zone,latitude,longitude,population_0_14,children_6_14,oos_count,oos_rate,poverty_rate,conflict_score,gender_gap,distance_to_school_km,teacher_pupil_ratio,disability_rate,school_density_per_1000,literacy_rate,water_sanitation_access,dominant_driver,risk_tier
1,Abia_LGA_01,Abia,SE,5.3522,8.0938,195297,96980,31433,0.3241,0.3552,0.0,0.0149,6.34,0.01736,0.0498,0.544,0.8464,0.6192,poverty,Medium
2,Abia_LGA_02,Abia,SE,5.3595,7.0836,191895,90192,20578,0.2282,0.3095,0.0041,0.1239,1.86,0.01846,0.0432,1.167,0.7636,0.6,poverty,Medium
3,Abia_LGA_03,Abia,SE,4.8969,7.8129,55102,27577,8300,0.301,0.4513,0.0594,0.0544,1.07,0.02513,0.0613,0.766,0.7088,0.4526,poverty,Medium
4,Abia_LGA_04,Abia,SE,5.9823,7.8404,200835,100362,21088,0.2101,0.3235,0.0334,0.0916,5.05,0.02182,0.0587,0.867,0.8303,0.6123,poverty,Medium
5,Abia_LGA_05,Abia,SE,5.8992,7.4543,198435,96018,26897,0.2801,0.2289,0.0725,0.1547,4.87,0.02807,0.0332,0.7,0.789,0.7233,school_supply,Medium
6,Abia_LGA_06,Abia,SE,4.6993,7.4187,130213,65060,14649,0.2252,0.3486,0.0809,0.0162,1.49,0.01234,0.055,0.843,0.8312,0.5649,poverty,Medium
7,Abia_LGA_07,Abia,SE,5.9524,6.9872,197703,90380,16948,0.1875,0.251,0.0618,0.0202,2.02,0.01609,0.0501,0.944,0.8117,0.7074,poverty,Low
8,Abia_LGA_08,Abia,SE,5.6585,7.2989,198939,87699,12684,0.1446,0.1642,0.0,0.0301,4.54,0.01245,0.0462,1.19,0.7475,0.7891,school_supply,Low
9,Abia_LGA_09,Abia,SE,6.0942,7.4492,116745,56926,11274,0.1981,0.1418,0.1434,0.0919,1.86,0.01,0.0507,0.641,0.7946,0.7735,school_supply,Low
10,Abia_LGA_10,Abia,SE,4.7851,7.3853,116183,56771,14639,0.2579,0.2976,0.2359,0.1218,1.32,0.03219,0.0381,0.608,0.7019,0.6127,poverty,Medium
11,Adamawa_LGA_01,Adamawa,NE,10.0637,12.3717,139891,65166,39309,0.6032,0.7751,0.7838,0.4798,1.29,0.02345,0.0801,0.16,0.4214,0.1618,poverty,Critical
12,Adamawa_LGA_02,Adamawa,NE,9.8521,13.0339,134002,58228,34790,0.5975,0.7373,0.5964,0.2963,12.53,0.01955,0.1077,0.839,0.4786,0.2115,poverty,High
13,Adamawa_LGA_03,Adamawa,NE,9.4178,12.1935,137023,63751,31560,0.4951,0.6843,0.7838,0.3349,1.59,0.02321,0.0884,0.788,0.3476,0.3064,poverty,High
14,Adamawa_LGA_04,Adamawa,NE,9.9567,12.7978,18868,8290,4401,0.531,0.7628,0.6881,0.3943,4.91,0.02183,0.0859,1.132,0.4343,0.2903,poverty,High
15,Adamawa_LGA_05,Adamawa,NE,8.9156,11.7964,112955,45418,28747,0.633,0.8879,0.682,0.3608,1.23,0.01077,0.0811,0.993,0.3684,0.1006,poverty,Critical
16,Adamawa_LGA_06,Adamawa,NE,8.7409,12.6843,42823,17924,11143,0.6217,0.586,0.6951,0.3378,12.92,0.01268,0.0867,1.075,0.2939,0.3741,poverty,Critical
17,Adamawa_LGA_07,Adamawa,NE,9.1661,12.0815,183044,84725,61797,0.7294,0.8302,0.7538,0.4469,4.7,0.0142,0.0878,0.873,0.4141,0.0986,poverty,Critical
18,Adamawa_LGA_08,Adamawa,NE,9.4837,13.0928,41962,20599,10020,0.4865,0.727,0.5537,0.3505,0.5,0.03005,0.0827,0.604,0.2282,0.2376,poverty,High
19,Adamawa_LGA_09,Adamawa,NE,9.1287,12.2814,123051,51918,28596,0.5508,0.7425,0.5242,0.3066,1.36,0.01,0.079,1.351,0.6324,0.1732,poverty,High
20,Adamawa_LGA_10,Adamawa,NE,9.0265,11.8302,151852,74205,45701,0.6159,0.8122,0.7435,0.3612,0.9,0.01,0.0876,0.72,0.4186,0.1413,poverty,Critical
21,Adamawa_LGA_11,Adamawa,NE,9.1598,12.1088,9712,4647,2283,0.4914,0.7543,0.7,0.3439,0.5,0.01919,0.1109,1.272,0.4309,0.183,poverty,High
22,Adamawa_LGA_12,Adamawa,NE,9.8635,11.6831,98414,41351,23069,0.5579,0.7884,0.5255,0.4264,4.91,0.01075,0.0853,0.879,0.4042,0.1758,poverty,High
23,Adamawa_LGA_13,Adamawa,NE,9.3528,12.9721,130223,58486,29325,0.5014,0.5447,0.6763,0.3888,4.06,0.0169,0.0724,0.898,0.5382,0.3331,poverty,High
24,Adamawa_LGA_14,Adamawa,NE,9.6272,12.075,96666,47843,28773,0.6014,0.854,0.7583,0.4666,2.88,0.02366,0.1074,0.932,0.4662,0.1166,poverty,Critical
25,Adamawa_LGA_15,Adamawa,NE,9.7058,11.9238,48993,23960,14710,0.614,0.8126,0.6809,0.4386,0.5,0.03517,0.0973,0.328,0.3946,0.1101,poverty,Critical
26,Adamawa_LGA_16,Adamawa,NE,9.8022,13.1136,201813,103850,70410,0.678,0.7526,0.5783,0.3464,24.11,0.01456,0.1016,0.983,0.2167,0.2379,poverty,Critical
27,Adamawa_LGA_17,Adamawa,NE,9.3174,12.5593,186651,96009,53773,0.5601,0.7027,0.7591,0.3009,1.32,0.02307,0.0985,0.629,0.4651,0.321,poverty,High
28,Adamawa_LGA_18,Adamawa,NE,9.1127,12.1031,225404,106369,71818,0.6752,0.7378,0.7383,0.43,10.8,0.01896,0.1048,0.577,0.3342,0.2461,poverty,Critical
29,Adamawa_LGA_19,Adamawa,NE,10.1086,12.7484,182865,81247,55867,0.6876,0.8173,0.7554,0.4964,15.72,0.01,0.106,0.663,0.4086,0.2299,poverty,Critical
30,Adamawa_LGA_20,Adamawa,NE,9.2377,12.0831,207746,84002,45454,0.5411,0.7919,0.7276,0.3094,1.93,0.02383,0.097,0.841,0.4608,0.1987,poverty,High
31,Adamawa_LGA_21,Adamawa,NE,8.7588,12.8428,77647,31725,19514,0.6151,0.8156,0.6606,0.4061,0.5,0.01902,0.0983,0.202,0.2963,0.0918,poverty,Critical
32,Akwa Ibom_LGA_01,Akwa Ibom,SS,5.6845,8.3654,204825,87860,28262,0.3217,0.4371,0.3328,0.0965,1.96,0.01918,0.0635,0.828,0.653,0.4769,poverty,Medium
33,Akwa Ibom_LGA_02,Akwa Ibom,SS,5.3358,8.6983,185778,101621,18933,0.1863,0.2394,0.2393,0.048,0.57,0.01891,0.0317,1.078,0.6716,0.6578,poverty,Low
34,Akwa Ibom_LGA_03,Akwa Ibom,SS,5.4545,8.1483,119721,55144,21408,0.3882,0.3763,0.2362,0.166,1.82,0.01,0.0607,0.701,0.8092,0.5805,poverty,Medium
35,Akwa Ibom_LGA_04,Akwa Ibom,SS,4.3907,7.3446,131021,58639,18462,0.3148,0.3628,0.3076,0.0577,4.59,0.01978,0.0531,0.55,0.5928,0.4698,poverty,Medium
36,Akwa Ibom_LGA_05,Akwa Ibom,SS,4.8694,7.8886,55667,27494,11948,0.4346,0.4385,0.1038,0.1174,6.77,0.01763,0.0519,0.986,0.6929,0.5586,poverty,High
37,Akwa Ibom_LGA_06,Akwa Ibom,SS,5.0204,8.3087,112403,45898,13911,0.3031,0.3573,0.2581,0.0972,3.22,0.0135,0.0543,0.545,0.7732,0.6327,poverty,Medium
38,Akwa Ibom_LGA_07,Akwa Ibom,SS,4.7346,7.4068,131011,71239,31033,0.4356,0.4248,0.0169,0.0832,9.93,0.01,0.0636,1.069,0.6624,0.4425,poverty,High
39,Akwa Ibom_LGA_08,Akwa Ibom,SS,5.4354,7.6275,96310,50605,19288,0.3812,0.3872,0.0439,0.0851,7.95,0.01928,0.0579,0.903,0.7735,0.5171,poverty,Medium
40,Akwa Ibom_LGA_09,Akwa Ibom,SS,5.0896,8.4725,82135,44029,15082,0.3425,0.4569,0.1809,0.1702,2.93,0.03213,0.0513,0.877,0.8452,0.4707,poverty,Medium
41,Akwa Ibom_LGA_10,Akwa Ibom,SS,4.5726,7.5973,51784,26639,7017,0.2634,0.3069,0.3148,0.0,0.85,0.01,0.0417,0.874,0.7057,0.6111,poverty,Medium
42,Akwa Ibom_LGA_11,Akwa Ibom,SS,4.7866,7.9932,100980,47947,16139,0.3366,0.403,0.2385,0.1278,6.84,0.03696,0.0491,0.708,0.6597,0.4857,poverty,Medium
43,Akwa Ibom_LGA_12,Akwa Ibom,SS,4.368,7.7677,90422,44286,13709,0.3096,0.3767,0.2051,0.0617,4.49,0.02616,0.0484,0.604,0.7639,0.5703,poverty,Medium
44,Akwa Ibom_LGA_13,Akwa Ibom,SS,4.6448,8.2549,119498,49844,20694,0.4152,0.3652,0.0545,0.1668,6.56,0.0179,0.0536,0.077,0.6275,0.5566,poverty,High
45,Akwa Ibom_LGA_14,Akwa Ibom,SS,4.9041,8.015,217765,119298,40202,0.337,0.3688,0.3611,0.0389,3.57,0.03518,0.0335,0.416,0.6861,0.542,poverty,Medium
46,Akwa Ibom_LGA_15,Akwa Ibom,SS,5.7647,7.7885,97292,48772,12706,0.2605,0.3038,0.3274,0.0686,5.29,0.02451,0.0576,0.934,0.5852,0.6535,poverty,Medium
47,Akwa Ibom_LGA_16,Akwa Ibom,SS,5.438,8.5147,34446,13931,3152,0.2263,0.2474,0.2714,0.1121,0.65,0.03209,0.0456,0.81,0.7415,0.6464,poverty,Medium
48,Akwa Ibom_LGA_17,Akwa Ibom,SS,5.633,8.2046,217654,89830,32059,0.3569,0.2668,0.0,0.1805,13.7,0.01662,0.0306,0.707,0.6971,0.6504,distance,Medium
49,Akwa Ibom_LGA_18,Akwa Ibom,SS,5.3482,8.4219,53397,22435,8389,0.3739,0.5142,0.2172,0.0831,0.9,0.02513,0.0327,0.849,0.6888,0.5296,poverty,Medium
50,Anambra_LGA_01,Anambra,SE,5.7332,6.2883,24254,10556,1927,0.1826,0.2105,0.2177,0.1406,1.21,0.01,0.0498,0.529,0.7486,0.7065,school_supply,Low
51,Anambra_LGA_02,Anambra,SE,6.8645,7.1073,68645,35528,9126,0.2569,0.0748,0.2785,0.0936,3.3,0.01,0.0584,0.905,0.9666,0.8537,school_supply,Medium
52,Anambra_LGA_03,Anambra,SE,6.172,7.8515,199657,80936,12143,0.15,0.2383,0.1565,0.056,2.86,0.03249,0.0454,0.673,0.8011,0.6732,school_supply,Low
53,Anambra_LGA_04,Anambra,SE,5.5748,6.3257,225265,97101,19612,0.202,0.0944,0.1036,0.0342,1.8,0.02927,0.0475,0.491,0.7714,0.8675,school_supply,Medium
54,Anambra_LGA_05,Anambra,SE,6.0406,6.9266,176961,93113,23369,0.251,0.2789,0.2702,0.0282,0.5,0.01824,0.0378,0.331,0.8309,0.6314,school_supply,Medium
55,Anambra_LGA_06,Anambra,SE,5.926,6.648,154069,64821,21843,0.337,0.1603,0.1077,0.1531,12.94,0.02639,0.0386,0.464,0.8118,0.7587,distance,Medium
56,Anambra_LGA_07,Anambra,SE,5.4248,6.5613,19464,9593,2383,0.2485,0.3446,0.038,0.0,0.5,0.0299,0.0398,0.242,0.7839,0.6364,poverty,Medium
57,Anambra_LGA_08,Anambra,SE,6.6467,7.6288,35338,15282,4512,0.2953,0.2809,0.1701,0.0292,3.4,0.03488,0.0614,0.524,0.8444,0.6792,poverty,Medium
58,Anambra_LGA_09,Anambra,SE,5.9182,6.385,153377,75012,15777,0.2103,0.3073,0.0216,0.0842,1.13,0.01,0.0668,1.319,0.8847,0.6362,poverty,Medium
59,Anambra_LGA_10,Anambra,SE,5.6399,7.369,30046,14435,2844,0.197,0.3118,0.206,0.0149,0.5,0.01934,0.068,1.068,0.7769,0.6319,poverty,Low
60,Bauchi_LGA_01,Bauchi,NE,9.9471,9.1208,157963,76301,41675,0.5462,0.65,0.6511,0.3996,3.45,0.01898,0.1,1.118,0.4821,0.317,poverty,High
61,Bauchi_LGA_02,Bauchi,NE,10.5942,10.2012,155806,64520,40270,0.6242,0.838,0.5868,0.3178,7.22,0.02181,0.088,0.627,0.4202,0.1206,poverty,Critical
62,Bauchi_LGA_03,Bauchi,NE,10.142,10.1321,107946,55188,22440,0.4066,0.7719,0.4861,0.3559,0.5,0.01032,0.0688,0.241,0.4023,0.2069,poverty,High
63,Bauchi_LGA_04,Bauchi,NE,10.7627,9.9519,133118,60777,34711,0.5711,0.6598,0.562,0.3424,3.22,0.01728,0.1043,1.351,0.3731,0.4015,poverty,High
64,Bauchi_LGA_05,Bauchi,NE,10.9301,9.6714,95769,40191,25950,0.6457,0.7792,0.9179,0.4226,3.01,0.02807,0.0864,0.653,0.4727,0.2002,poverty,Critical
65,Bauchi_LGA_06,Bauchi,NE,10.6053,9.5832,103373,48612,31220,0.6422,0.8033,0.5018,0.3079,18.05,0.0207,0.0831,1.049,0.2926,0.1567,poverty,Critical
66,Bauchi_LGA_07,Bauchi,NE,9.5823,9.8104,33464,18316,9269,0.5061,0.8079,0.6063,0.2854,2.82,0.0199,0.0878,0.769,0.3978,0.1841,poverty,High
67,Bauchi_LGA_08,Bauchi,NE,9.6249,9.2605,246265,129976,68989,0.5308,0.8496,0.5569,0.2549,3.37,0.01306,0.0844,0.677,0.4031,0.1198,poverty,High
68,Bauchi_LGA_09,Bauchi,NE,10.6862,9.5137,101145,53300,30360,0.5696,0.6271,0.639,0.3851,13.14,0.03324,0.0838,1.418,0.382,0.2717,poverty,High
69,Bauchi_LGA_10,Bauchi,NE,10.1717,9.7598,72018,38961,25192,0.6466,0.7002,0.6987,0.4379,11.9,0.01198,0.0953,1.209,0.2495,0.2539,poverty,Critical
70,Bauchi_LGA_11,Bauchi,NE,10.7538,9.8683,43504,21019,11693,0.5563,0.9006,0.583,0.4007,4.16,0.02063,0.0901,0.934,0.4932,0.1719,poverty,High
71,Bauchi_LGA_12,Bauchi,NE,9.9151,9.0881,47585,24874,10878,0.4374,0.8193,0.6212,0.4243,2.63,0.03,0.0929,0.693,0.4269,0.02,poverty,High
72,Bauchi_LGA_13,Bauchi,NE,10.26,9.2846,58974,27464,14201,0.5171,0.7882,0.4838,0.3444,0.7,0.01597,0.1124,0.799,0.4326,0.2715,poverty,High
73,Bauchi_LGA_14,Bauchi,NE,9.5137,10.6294,231555,117844,65245,0.5537,0.7295,0.5258,0.4262,0.59,0.01764,0.0889,0.867,0.4493,0.1934,poverty,High
74,Bauchi_LGA_15,Bauchi,NE,10.5659,9.9995,188629,103514,54411,0.5256,0.7855,0.6463,0.3035,1.34,0.02613,0.0937,0.99,0.2877,0.2096,poverty,High
75,Bauchi_LGA_16,Bauchi,NE,10.566,9.524,189407,94146,57770,0.6136,0.8683,0.7794,0.4457,3.86,0.02294,0.0977,0.836,0.4105,0.1597,poverty,Critical
76,Bauchi_LGA_17,Bauchi,NE,10.1631,9.7441,235415,102876,56500,0.5492,0.7502,0.634,0.4135,4.36,0.0263,0.0938,0.43,0.5154,0.1997,poverty,High
77,Bauchi_LGA_18,Bauchi,NE,9.717,9.4802,216272,94784,59124,0.6238,0.7231,0.662,0.397,7.26,0.02342,0.0962,0.168,0.3708,0.1402,poverty,Critical
78,Bauchi_LGA_19,Bauchi,NE,10.0228,10.6018,87405,42101,24157,0.5738,0.7662,0.55,0.4043,1.65,0.01999,0.0999,0.633,0.4645,0.2443,poverty,High
79,Bauchi_LGA_20,Bauchi,NE,10.5215,9.5746,85976,40276,24230,0.6016,0.6813,0.5462,0.4071,5.39,0.02365,0.0776,0.739,0.4088,0.4091,poverty,Critical
80,Bayelsa_LGA_01,Bayelsa,SS,4.4329,5.6825,164046,86267,37086,0.4299,0.3856,0.2846,0.1727,13.88,0.02944,0.0436,0.782,0.6342,0.5757,distance,High
81,Bayelsa_LGA_02,Bayelsa,SS,5.2089,5.4551,235104,121927,33661,0.2761,0.3317,0.1407,0.0544,1.96,0.03099,0.0781,0.624,0.8348,0.6137,poverty,Medium
82,Bayelsa_LGA_03,Bayelsa,SS,5.3858,6.3315,41395,22763,5311,0.2333,0.2382,0.1456,0.1327,2.51,0.01503,0.0501,1.038,0.7344,0.6529,poverty,Medium
83,Bayelsa_LGA_04,Bayelsa,SS,4.1223,6.4345,227276,105115,42427,0.4036,0.4279,0.4242,0.1565,2.14,0.02499,0.0552,0.471,0.7761,0.4471,poverty,High
84,Bayelsa_LGA_05,Bayelsa,SS,5.1681,6.5522,206737,82710,28786,0.348,0.2578,0.276,0.1051,13.67,0.02945,0.0464,0.906,0.6409,0.6905,distance,Medium
85,Bayelsa_LGA_06,Bayelsa,SS,5.2094,5.3257,110459,56408,18192,0.3225,0.3284,0.4771,0.0951,1.54,0.01,0.0411,0.721,0.6651,0.6735,poverty,Medium
86,Bayelsa_LGA_07,Bayelsa,SS,5.1737,6.0767,103464,44106,15050,0.3412,0.3503,0.4719,0.0,0.91,0.01547,0.0501,1.007,0.7578,0.5655,poverty,Medium
87,Bayelsa_LGA_08,Bayelsa,SS,4.6076,6.8546,122503,54313,15243,0.2807,0.3718,0.2439,0.1349,3.02,0.02001,0.0647,0.065,0.6066,0.506,poverty,Medium
88,Bayelsa_LGA_09,Bayelsa,SS,4.8763,6.1515,166769,87385,29704,0.3399,0.5466,0.4802,0.0794,0.85,0.01042,0.0309,0.765,0.6402,0.4038,poverty,Medium
89,Bayelsa_LGA_10,Bayelsa,SS,4.5866,5.7031,196315,104741,51672,0.4933,0.3834,0.168,0.1427,15.39,0.02527,0.0499,0.387,0.6947,0.5732,distance,High
90,Bayelsa_LGA_11,Bayelsa,SS,4.7317,6.7669,49614,21156,7987,0.3776,0.41,0.4934,0.198,1.39,0.01228,0.0648,0.483,0.6142,0.5067,poverty,Medium
91,Bayelsa_LGA_12,Bayelsa,SS,5.3465,5.7826,190263,79396,15452,0.1946,0.293,0.212,0.2141,2.44,0.02739,0.0451,0.744,0.6629,0.5037,poverty,Low
92,Bayelsa_LGA_13,Bayelsa,SS,4.1652,6.6338,33991,18586,5812,0.3127,0.3464,0.4291,0.1205,6.24,0.02607,0.0442,0.968,0.7653,0.5607,poverty,Medium
93,Bayelsa_LGA_14,Bayelsa,SS,4.7599,6.8234,147731,68148,21553,0.3163,0.3569,0.3327,0.0604,0.59,0.02475,0.0562,1.266,0.8222,0.5287,poverty,Medium
94,Bayelsa_LGA_15,Bayelsa,SS,4.983,6.7528,94798,42835,11750,0.2743,0.2054,0.2828,0.022,6.31,0.03264,0.042,0.891,0.662,0.6837,school_supply,Medium
95,Bayelsa_LGA_16,Bayelsa,SS,4.1214,5.5357,33311,13587,6408,0.4717,0.4299,0.3097,0.1398,9.57,0.01959,0.0488,0.549,0.773,0.5456,poverty,High
96,Benue_LGA_01,Benue,NC,7.168,9.4282,57145,22904,8341,0.3642,0.4001,0.5023,0.17,1.79,0.02303,0.0578,1.158,0.4664,0.4392,poverty,Medium
97,Benue_LGA_02,Benue,NC,7.0691,9.356,120713,63778,25959,0.407,0.6103,0.5824,0.2085,3.24,0.01671,0.0387,0.877,0.7076,0.272,poverty,High
98,Benue_LGA_03,Benue,NC,7.4908,9.355,39161,20332,7034,0.346,0.2832,0.5614,0.2377,5.4,0.01,0.05,1.17,0.4178,0.6277,conflict,Medium
99,Benue_LGA_04,Benue,NC,6.995,8.4361,36652,14881,7505,0.5044,0.5969,0.4797,0.2188,5.27,0.02992,0.0524,0.632,0.6382,0.2846,poverty,High
100,Benue_LGA_05,Benue,NC,7.3756,8.2929,148969,79059,28546,0.3611,0.4401,0.5742,0.1061,0.63,0.0273,0.0627,0.924,0.7888,0.5273,poverty,Medium
101,Benue_LGA_06,Benue,NC,7.2264,8.6397,165704,89543,31475,0.3515,0.4851,0.4473,0.1484,5.54,0.02272,0.0527,1.075,0.6313,0.4507,poverty,Medium
102,Benue_LGA_07,Benue,NC,6.728,8.0457,77885,33366,16656,0.4992,0.603,0.5466,0.1812,6.09,0.01658,0.0575,0.687,0.7133,0.2706,poverty,High
103,Benue_LGA_08,Benue,NC,8.083,8.1009,83178,45396,25590,0.5637,0.5497,0.596,0.1243,11.23,0.0198,0.0636,0.967,0.6542,0.4199,poverty,High
104,Benue_LGA_09,Benue,NC,7.3127,8.6802,28996,12283,3424,0.2788,0.4368,0.3248,0.2047,1.28,0.01095,0.0634,0.525,0.5862,0.5807,poverty,Medium
105,Benue_LGA_10,Benue,NC,8.1012,8.2999,16512,8864,3672,0.4143,0.4354,0.5576,0.1295,1.94,0.0173,0.058,0.653,0.5935,0.5429,poverty,High
106,Benue_LGA_11,Benue,NC,7.5416,8.273,213551,110110,41613,0.3779,0.4165,0.723,0.1216,2.17,0.0314,0.0515,1.469,0.7196,0.5737,conflict,Medium
107,Benue_LGA_12,Benue,NC,6.8325,8.4632,99550,47251,18028,0.3816,0.4645,0.4089,0.2412,0.5,0.02546,0.0675,0.719,0.5657,0.4385,poverty,Medium
108,Benue_LGA_13,Benue,NC,7.3531,8.6487,152687,71816,19834,0.2762,0.2136,0.3753,0.256,2.89,0.023,0.0461,1.232,0.6285,0.7223,conflict,Medium
109,Benue_LGA_14,Benue,NC,7.3009,8.0465,245495,122938,48868,0.3975,0.4908,0.4895,0.1802,4.04,0.01905,0.083,0.827,0.7828,0.4762,poverty,Medium
110,Benue_LGA_15,Benue,NC,7.1335,8.6301,35441,18932,8973,0.474,0.5291,0.504,0.1357,10.72,0.01,0.0423,0.833,0.73,0.4232,poverty,High
111,Benue_LGA_16,Benue,NC,6.7172,9.4797,188839,89086,38598,0.4333,0.4187,0.6706,0.2225,2.98,0.02095,0.0633,1.033,0.5752,0.567,conflict,High
112,Benue_LGA_17,Benue,NC,6.9775,8.4433,114327,49859,21191,0.425,0.4482,0.4377,0.1464,1.16,0.0108,0.0632,0.455,0.697,0.4376,poverty,High
113,Benue_LGA_18,Benue,NC,6.8222,8.698,206574,89942,34095,0.3791,0.4899,0.2893,0.1978,3.8,0.0211,0.0607,0.964,0.7116,0.3592,poverty,Medium
114,Benue_LGA_19,Benue,NC,8.028,8.7467,179938,84855,41626,0.4906,0.4248,0.3065,0.1366,21.25,0.01805,0.0581,0.673,0.7263,0.5776,distance,High
115,Benue_LGA_20,Benue,NC,7.1918,8.8591,11824,5287,2298,0.4348,0.5285,0.3835,0.3004,4.08,0.02624,0.0431,0.521,0.7613,0.4113,poverty,High
116,Benue_LGA_21,Benue,NC,6.9689,8.9201,22375,11236,3328,0.2963,0.4311,0.3219,0.1598,0.5,0.0233,0.0443,0.583,0.5935,0.4938,poverty,Medium
117,Benue_LGA_22,Benue,NC,6.8207,9.2492,209857,97477,36265,0.372,0.4383,0.4608,0.207,7.58,0.01044,0.0506,0.61,0.5469,0.5136,poverty,Medium
118,Benue_LGA_23,Benue,NC,6.9449,9.1913,225209,117444,44528,0.3791,0.4773,0.4987,0.1273,1.46,0.02025,0.0703,0.136,0.6677,0.5299,poverty,Medium
119,Borno_LGA_01,Borno,NE,11.6824,13.5553,47884,22050,12532,0.5684,0.5625,1.0,0.3308,2.75,0.01,0.0759,0.748,0.3416,0.4127,conflict,High
120,Borno_LGA_02,Borno,NE,11.4434,13.5277,107666,56030,35649,0.6363,0.7456,1.0,0.4432,1.45,0.0174,0.1036,0.952,0.4156,0.2181,poverty,Critical
121,Borno_LGA_03,Borno,NE,11.4886,12.7676,112899,48731,29850,0.6126,0.7563,0.8822,0.4066,1.3,0.01,0.0932,0.572,0.4462,0.2217,poverty,Critical
122,Borno_LGA_04,Borno,NE,12.4116,13.7174,197463,100559,78381,0.7795,0.8772,0.9875,0.4339,9.55,0.01308,0.0915,0.795,0.4226,0.1647,poverty,Critical
123,Borno_LGA_05,Borno,NE,12.4527,13.2039,209375,112428,67956,0.6044,0.6323,1.0,0.2593,0.52,0.01,0.0905,0.764,0.4936,0.322,conflict,Critical
124,Borno_LGA_06,Borno,NE,12.2284,13.4448,198427,108736,76258,0.7013,0.7311,0.7933,0.3994,28.0,0.02107,0.1139,0.47,0.3918,0.3319,poverty,Critical
125,Borno_LGA_07,Borno,NE,11.7098,13.7609,79181,41525,25451,0.6129,0.7726,0.8801,0.3755,3.72,0.02113,0.0945,0.732,0.2708,0.2541,poverty,Critical
126,Borno_LGA_08,Borno,NE,11.4023,13.4991,167352,85760,50981,0.5945,0.707,1.0,0.348,1.54,0.01551,0.0925,0.758,0.4698,0.237,poverty,High
127,Borno_LGA_09,Borno,NE,12.4366,13.5537,34118,17454,12592,0.7215,0.7643,0.8251,0.4005,18.17,0.03979,0.0726,0.861,0.3098,0.1875,poverty,Critical
128,Borno_LGA_10,Borno,NE,11.8118,13.0793,161805,87097,64075,0.7357,0.7708,1.0,0.3718,14.71,0.01,0.0964,0.766,0.319,0.2126,poverty,Critical
129,Borno_LGA_11,Borno,NE,11.3206,12.6988,17014,9056,6157,0.68,0.8338,0.8102,0.3469,8.87,0.02939,0.091,0.518,0.3577,0.1533,poverty,Critical
130,Borno_LGA_12,Borno,NE,11.8854,13.5004,160680,72230,44706,0.6189,0.7087,1.0,0.3116,1.0,0.01317,0.0911,0.683,0.5182,0.2875,poverty,Critical
131,Borno_LGA_13,Borno,NE,12.4203,12.4844,76859,37780,26160,0.6924,0.7751,0.9008,0.4246,13.66,0.01484,0.0834,0.63,0.4879,0.2338,poverty,Critical
132,Borno_LGA_14,Borno,NE,11.2661,13.4697,158490,69031,39611,0.5738,0.6878,0.887,0.3271,4.96,0.0188,0.0778,1.053,0.3266,0.4215,poverty,High
133,Borno_LGA_15,Borno,NE,11.9233,13.5767,107191,50619,29922,0.5911,0.6464,1.0,0.436,4.06,0.01,0.0921,0.464,0.517,0.3587,conflict,High
134,Borno_LGA_16,Borno,NE,11.8396,13.1093,132796,53758,32295,0.6008,0.8387,0.7908,0.3951,2.93,0.01,0.0899,0.882,0.3759,0.0525,poverty,Critical
135,Borno_LGA_17,Borno,NE,11.2969,13.8657,45848,24182,13789,0.5702,0.7146,0.946,0.4021,4.64,0.01659,0.0909,0.224,0.4382,0.2569,poverty,High
136,Borno_LGA_18,Borno,NE,11.4083,12.819,190974,100247,68076,0.6791,0.7494,0.967,0.3569,8.03,0.01783,0.0689,1.031,0.4977,0.2577,poverty,Critical
137,Borno_LGA_19,Borno,NE,11.7537,13.937,107838,55253,30437,0.5509,0.6799,0.9274,0.4174,2.02,0.01069,0.0941,0.974,0.407,0.2991,poverty,High
138,Borno_LGA_20,Borno,NE,11.5791,12.5636,106814,53234,30585,0.5746,0.8203,0.8003,0.3145,1.66,0.02027,0.0788,0.685,0.4529,0.1296,poverty,High
139,Borno_LGA_21,Borno,NE,11.1539,12.4479,159675,64133,37957,0.5919,0.6946,0.9331,0.4322,0.79,0.01,0.0966,0.475,0.513,0.326,poverty,High
140,Borno_LGA_22,Borno,NE,12.4962,13.2392,224118,101738,58017,0.5703,0.7688,1.0,0.3519,2.06,0.01005,0.0794,0.251,0.4584,0.2985,poverty,High
141,Borno_LGA_23,Borno,NE,11.1235,12.9235,217262,106569,56496,0.5301,0.7135,0.9601,0.2796,3.34,0.01114,0.092,0.332,0.4434,0.3091,poverty,High
142,Borno_LGA_24,Borno,NE,11.1181,12.7177,122955,66738,41108,0.616,0.6259,0.9953,0.3575,5.65,0.01538,0.1007,0.981,0.3896,0.3676,conflict,Critical
143,Borno_LGA_25,Borno,NE,12.2708,13.9123,129427,66132,38505,0.5823,0.7848,0.872,0.4055,0.61,0.01,0.1019,0.05,0.3507,0.2449,poverty,High
144,Borno_LGA_26,Borno,NE,12.2176,13.7184,45166,24452,16716,0.6836,0.8403,0.9445,0.3204,2.75,0.01152,0.0987,1.02,0.2625,0.1235,poverty,Critical
145,Borno_LGA_27,Borno,NE,11.3944,13.7353,117113,58688,37725,0.6428,0.7473,0.8338,0.3461,10.52,0.01,0.0909,0.432,0.2256,0.2084,poverty,Critical
146,Cross River_LGA_01,Cross River,SS,5.184,8.5605,53903,28717,8448,0.2942,0.3545,0.2245,0.0112,8.28,0.02179,0.0398,1.072,0.6238,0.5666,poverty,Medium
147,Cross River_LGA_02,Cross River,SS,5.2966,8.0443,36047,17740,4052,0.2284,0.2912,0.2485,0.1119,2.35,0.01641,0.058,0.729,0.6955,0.6431,poverty,Medium
148,Cross River_LGA_03,Cross River,SS,6.1121,7.9739,161046,72748,19943,0.2741,0.3674,0.3575,0.1244,0.5,0.01533,0.0503,0.724,0.6571,0.5549,poverty,Medium
149,Cross River_LGA_04,Cross River,SS,5.2305,9.0525,132662,53907,17132,0.3178,0.3936,0.2232,0.1483,5.87,0.02327,0.053,0.773,0.6775,0.6564,poverty,Medium
150,Cross River_LGA_05,Cross River,SS,5.9452,8.0348,12506,5099,2162,0.4242,0.2376,0.3123,0.0953,9.84,0.02991,0.0563,0.421,0.8622,0.7191,distance,High
151,Cross River_LGA_06,Cross River,SS,5.4953,8.6065,39682,17536,3394,0.1936,0.2972,0.2582,0.1238,3.86,0.01342,0.0513,0.779,0.6133,0.559,poverty,Low
152,Cross River_LGA_07,Cross River,SS,5.6938,8.6492,98197,44510,14505,0.3259,0.4547,0.1507,0.133,0.64,0.02095,0.0574,0.661,0.7997,0.4411,poverty,Medium
153,Cross River_LGA_08,Cross River,SS,6.2168,8.5464,71761,31271,6911,0.221,0.2397,0.1006,0.133,0.93,0.02085,0.0388,1.03,0.622,0.7422,poverty,Medium
154,Cross River_LGA_09,Cross River,SS,6.3611,9.2991,92137,49675,14800,0.298,0.2052,0.1397,0.0454,10.62,0.02227,0.0538,0.707,0.7062,0.7636,distance,Medium
155,Cross River_LGA_10,Cross River,SS,5.1333,7.9732,11418,4610,873,0.1895,0.1918,0.1738,0.1028,0.78,0.01971,0.0505,0.153,0.6468,0.7478,school_supply,Low
156,Delta_LGA_01,Delta,SS,6.3253,6.5856,191109,99560,41715,0.419,0.3424,0.2532,0.0685,12.04,0.02163,0.0563,0.84,0.7855,0.5966,distance,High
157,Delta_LGA_02,Delta,SS,6.2268,5.2509,92222,40705,14426,0.3544,0.4735,0.3257,0.0143,2.74,0.02643,0.0472,0.646,0.8321,0.4215,poverty,Medium
158,Delta_LGA_03,Delta,SS,4.8079,5.8171,31687,14660,6060,0.4134,0.3659,0.3489,0.087,12.64,0.0209,0.0522,1.032,0.7644,0.5729,distance,High
159,Delta_LGA_04,Delta,SS,5.5443,5.3429,48175,23074,8992,0.3897,0.5265,0.2476,0.1211,1.64,0.02082,0.0734,0.687,0.7459,0.3862,poverty,Medium
160,Delta_LGA_05,Delta,SS,6.0492,6.0347,42389,20212,6427,0.318,0.3424,0.2668,0.2352,2.49,0.014,0.0431,0.517,0.7949,0.5736,poverty,Medium
161,Delta_LGA_06,Delta,SS,5.8007,5.2899,182609,85516,31112,0.3638,0.264,0.3224,0.13,3.94,0.01325,0.0568,0.577,0.6783,0.6152,school_supply,Medium
162,Delta_LGA_07,Delta,SS,5.5118,6.5758,249943,133658,52269,0.3911,0.4498,0.5813,0.0145,3.08,0.01487,0.0415,0.477,0.696,0.4344,poverty,Medium
163,Delta_LGA_08,Delta,SS,5.8684,5.2074,213832,97347,37647,0.3867,0.3982,0.2627,0.2061,5.11,0.01,0.04,0.278,0.7214,0.5355,poverty,Medium
164,Delta_LGA_09,Delta,SS,5.215,5.197,85478,44087,11928,0.2706,0.2701,0.3037,0.1087,0.83,0.0185,0.0501,0.735,0.6549,0.63,poverty,Medium
165,Delta_LGA_10,Delta,SS,5.68,6.6459,115379,48342,12812,0.265,0.3265,0.2544,0.1219,0.5,0.01638,0.0579,1.094,0.8233,0.6951,poverty,Medium
166,Delta_LGA_11,Delta,SS,5.5523,6.2575,144006,76186,19821,0.2602,0.2312,0.3093,0.0616,1.81,0.01338,0.039,0.87,0.7321,0.7209,school_supply,Medium
167,Delta_LGA_12,Delta,SS,5.4124,5.401,47918,23555,7619,0.3235,0.247,0.4583,0.0538,0.5,0.01967,0.0491,0.529,0.6956,0.7391,conflict,Medium
168,Ebonyi_LGA_01,Ebonyi,SE,5.9486,7.2732,30359,14519,4096,0.2821,0.1534,0.1255,0.0773,9.84,0.01136,0.0492,1.003,0.5855,0.8136,distance,Medium
169,Ebonyi_LGA_02,Ebonyi,SE,6.4271,8.647,86563,46561,9613,0.2065,0.0898,0.1215,0.0869,2.93,0.02398,0.0579,0.983,0.7589,0.7268,school_supply,Medium
170,Ebonyi_LGA_03,Ebonyi,SE,5.5772,7.8552,83644,35196,10441,0.2967,0.3527,0.2127,0.0,1.46,0.03572,0.0445,0.205,0.8748,0.5833,poverty,Medium
171,Ebonyi_LGA_04,Ebonyi,SE,6.5736,8.5992,208076,110151,31386,0.2849,0.4622,0.2971,0.001,0.81,0.02951,0.062,0.672,0.8692,0.5304,poverty,Medium
172,Ebonyi_LGA_05,Ebonyi,SE,5.6123,7.248,105050,55109,13080,0.2374,0.2408,0.111,0.0,5.52,0.02308,0.0451,1.381,0.7771,0.7478,poverty,Medium
173,Ebonyi_LGA_06,Ebonyi,SE,6.2342,8.6281,44331,19400,3978,0.2051,0.3197,0.2366,0.0656,5.45,0.03862,0.0473,0.926,0.8766,0.6693,poverty,Medium
174,Ebonyi_LGA_07,Ebonyi,SE,5.7099,8.6054,50899,20702,9815,0.4741,0.3976,0.2169,0.13,15.37,0.01,0.0526,0.79,0.7367,0.5464,distance,High
175,Ebonyi_LGA_08,Ebonyi,SE,5.585,8.1574,246899,120848,29813,0.2467,0.2648,0.0,0.0706,2.74,0.01192,0.0482,0.592,0.8962,0.6992,school_supply,Medium
176,Ebonyi_LGA_09,Ebonyi,SE,6.6749,8.6381,55657,26329,6099,0.2317,0.1852,0.0,0.0875,1.33,0.03008,0.0657,1.271,0.6962,0.7157,school_supply,Medium
177,Ebonyi_LGA_10,Ebonyi,SE,5.8487,8.0542,138059,69550,17574,0.2527,0.2093,0.2789,0.025,1.88,0.01904,0.0659,0.694,0.5809,0.7368,school_supply,Medium
178,Ebonyi_LGA_11,Ebonyi,SE,6.6818,8.5351,99970,42393,7226,0.1705,0.3432,0.0467,0.0541,3.28,0.01488,0.0339,1.001,0.8658,0.5888,poverty,Low
179,Ebonyi_LGA_12,Ebonyi,SE,6.3331,7.9802,249435,123149,32656,0.2652,0.1872,0.1558,0.0708,5.79,0.02491,0.0455,1.094,0.7985,0.6966,school_supply,Medium
180,Ebonyi_LGA_13,Ebonyi,SE,6.4399,7.3719,99959,48850,14229,0.2913,0.3033,0.1645,0.0,6.94,0.01249,0.0658,0.289,0.6607,0.6826,poverty,Medium
181,Ebonyi_LGA_14,Ebonyi,SE,6.184,8.5926,151616,65987,8210,0.1244,0.1311,0.1719,0.1575,0.5,0.02084,0.0613,1.432,0.7299,0.7812,school_supply,Low
182,Ebonyi_LGA_15,Ebonyi,SE,6.0113,8.5152,233481,111678,20832,0.1865,0.2882,0.1757,0.0321,0.83,0.01,0.0402,0.883,0.8556,0.6341,poverty,Low
183,Ebonyi_LGA_16,Ebonyi,SE,5.8088,8.5211,221847,106456,44370,0.4168,0.4883,0.1624,0.0571,12.6,0.02683,0.0446,0.679,0.8193,0.4192,poverty,High
184,Ebonyi_LGA_17,Ebonyi,SE,6.2102,7.8816,104407,47527,13976,0.2941,0.1326,0.0083,0.017,19.03,0.01871,0.0381,0.589,0.7141,0.7586,distance,Medium
185,Edo_LGA_01,Edo,SS,6.9995,5.0716,228038,117945,40184,0.3407,0.3762,0.2584,0.0546,7.76,0.01,0.0521,1.029,0.6976,0.6522,poverty,Medium
186,Edo_LGA_02,Edo,SS,5.5598,5.6456,149716,66487,22614,0.3401,0.3586,0.2848,0.1689,1.65,0.02192,0.05,1.045,0.6639,0.6156,poverty,Medium
187,Edo_LGA_03,Edo,SS,6.3388,5.86,35928,17155,4209,0.2454,0.1746,0.1452,0.1616,0.5,0.02207,0.0601,0.945,0.8174,0.7888,school_supply,Medium
188,Edo_LGA_04,Edo,SS,6.1737,4.896,188709,95205,35382,0.3716,0.4865,0.2216,0.1402,0.5,0.01511,0.0501,1.231,0.7644,0.3765,poverty,Medium
189,Edo_LGA_05,Edo,SS,5.7357,6.3119,29094,14987,3748,0.2501,0.3329,0.02,0.1947,2.56,0.01942,0.0463,1.125,0.6766,0.6578,poverty,Medium
190,Edo_LGA_06,Edo,SS,6.5841,5.0291,105373,54058,11337,0.2097,0.2804,0.1135,0.0189,2.29,0.02526,0.0548,0.922,0.6944,0.687,poverty,Medium
191,Edo_LGA_07,Edo,SS,5.7707,5.8127,80540,42616,14889,0.3494,0.2112,0.25,0.016,9.0,0.01639,0.0291,0.917,0.6896,0.605,distance,Medium
192,Edo_LGA_08,Edo,SS,6.9834,6.234,55790,23005,9941,0.4321,0.4563,0.3682,0.1567,2.05,0.02168,0.0544,0.257,0.7575,0.603,poverty,High
193,Edo_LGA_09,Edo,SS,6.9604,5.8382,77410,34343,8160,0.2376,0.3805,0.1184,0.0518,0.5,0.03144,0.0401,1.09,0.713,0.5745,poverty,Medium
194,Edo_LGA_10,Edo,SS,6.7071,6.108,216828,105122,35188,0.3347,0.3999,0.1167,0.2079,2.02,0.02594,0.0339,0.553,0.819,0.5544,poverty,Medium
195,Edo_LGA_11,Edo,SS,5.9012,6.1751,81033,37849,11077,0.2927,0.343,0.2205,0.1589,4.85,0.01173,0.048,1.048,0.6135,0.5079,poverty,Medium
196,Edo_LGA_12,Edo,SS,6.295,5.7612,156656,69366,22247,0.3207,0.3494,0.293,0.0614,1.44,0.0143,0.0432,1.261,0.7369,0.5579,poverty,Medium
197,Edo_LGA_13,Edo,SS,5.9221,5.9042,234508,118030,36272,0.3073,0.3466,0.209,0.0507,3.84,0.02004,0.0614,1.162,0.6937,0.5774,poverty,Medium
198,Edo_LGA_14,Edo,SS,6.1606,6.1297,218717,115719,27958,0.2416,0.2735,0.3447,0.0922,3.4,0.01572,0.0529,1.518,0.6354,0.559,poverty,Medium
199,Edo_LGA_15,Edo,SS,6.3451,6.4154,82495,37866,10237,0.2704,0.3715,0.1049,0.091,3.68,0.0116,0.043,0.696,0.6057,0.5446,poverty,Medium
200,Ekiti_LGA_01,Ekiti,SW,6.8243,4.898,81040,34543,8913,0.258,0.2553,0.2436,0.0368,5.66,0.018,0.0437,1.27,0.8807,0.5816,poverty,Medium
201,Ekiti_LGA_02,Ekiti,SW,7.3969,5.6724,212346,110340,22662,0.2054,0.0812,0.1141,0.0,0.57,0.03072,0.0209,0.416,0.7574,0.8238,school_supply,Medium
202,Ekiti_LGA_03,Ekiti,SW,7.9375,5.4986,21423,11753,2345,0.1996,0.2117,0.1393,0.0169,0.8,0.01073,0.0484,1.156,0.8569,0.7007,poverty,Low
203,Ekiti_LGA_04,Ekiti,SW,8.0992,5.8399,211551,104859,27074,0.2582,0.2565,0.0925,0.003,1.84,0.02056,0.0411,0.849,0.9231,0.6148,poverty,Medium
204,Ekiti_LGA_05,Ekiti,SW,7.1666,5.527,27777,13722,2172,0.1583,0.1532,0.0629,0.0148,1.5,0.03534,0.0274,0.449,0.7358,0.8485,school_supply,Low
205,Ekiti_LGA_06,Ekiti,SW,7.9072,5.6526,148278,62997,17839,0.2832,0.3967,0.2392,0.0174,4.61,0.01307,0.0222,1.106,0.9328,0.5953,poverty,Medium
206,Ekiti_LGA_07,Ekiti,SW,8.2172,5.5296,155541,84517,10060,0.119,0.2313,0.0606,0.0,2.12,0.02899,0.028,0.992,0.8665,0.7293,poverty,Low
207,Ekiti_LGA_08,Ekiti,SW,8.0025,5.1643,21081,10487,1349,0.1287,0.1566,0.0306,0.0,0.52,0.02688,0.0477,1.09,0.8861,0.7468,school_supply,Low
208,Ekiti_LGA_09,Ekiti,SW,7.4147,4.4931,181988,83174,12202,0.1467,0.1629,0.1465,0.0095,0.5,0.01449,0.045,1.12,0.8708,0.7581,school_supply,Low
209,Ekiti_LGA_10,Ekiti,SW,8.1241,4.9333,99105,45809,11184,0.2442,0.1913,0.0214,0.0342,3.98,0.02563,0.0456,0.723,0.8859,0.6956,school_supply,Medium
210,Ekiti_LGA_11,Ekiti,SW,7.4767,5.3111,87971,35201,10487,0.2979,0.1316,0.1109,0.1463,14.3,0.02232,0.0262,0.61,0.8108,0.7606,distance,Medium
211,Enugu_LGA_01,Enugu,SE,6.2097,7.5795,145852,71692,25609,0.3572,0.3402,0.2843,0.003,0.5,0.02563,0.0397,0.803,0.7667,0.6859,poverty,Medium
212,Enugu_LGA_02,Enugu,SE,6.2015,8.2592,157473,85852,22927,0.2671,0.3576,0.1004,0.1047,1.32,0.02462,0.0523,1.159,0.782,0.5697,poverty,Medium
213,Enugu_LGA_03,Enugu,SE,7.5366,7.6085,75246,41378,9769,0.2361,0.1964,0.1432,0.049,6.04,0.02813,0.0484,1.229,0.8855,0.7354,distance,Medium
214,Enugu_LGA_04,Enugu,SE,6.3177,7.7786,179544,95568,26534,0.2777,0.2088,0.0531,0.1116,5.93,0.0455,0.0391,0.423,0.8168,0.7885,school_supply,Medium
215,Enugu_LGA_05,Enugu,SE,6.8149,7.2145,38335,19924,5241,0.2631,0.1941,0.0105,0.0858,4.03,0.01,0.0446,0.551,0.8077,0.7406,school_supply,Medium
216,Enugu_LGA_06,Enugu,SE,7.4605,6.9457,86506,35909,12528,0.3489,0.3209,0.2142,0.0601,6.02,0.01319,0.0542,0.772,0.7229,0.5781,poverty,Medium
217,Enugu_LGA_07,Enugu,SE,6.4714,7.5687,104910,52254,11851,0.2268,0.3447,0.144,0.0097,1.67,0.01552,0.0459,0.812,0.8674,0.5908,poverty,Medium
218,Enugu_LGA_08,Enugu,SE,7.2058,8.1002,206325,101421,19724,0.1945,0.1012,0.2357,0.1772,3.21,0.03526,0.0398,1.074,0.7182,0.8201,school_supply,Low
219,Enugu_LGA_09,Enugu,SE,7.375,7.1953,121100,61985,21089,0.3402,0.3441,0.2277,0.0125,4.18,0.01378,0.0587,1.153,0.8605,0.5526,poverty,Medium
220,Enugu_LGA_10,Enugu,SE,7.2991,7.644,67254,36466,10480,0.2874,0.4114,0.3265,0.0812,4.98,0.0189,0.0523,1.28,0.8098,0.566,poverty,Medium
221,Enugu_LGA_11,Enugu,SE,6.5819,7.0755,163013,84519,17464,0.2066,0.2538,0.0,0.0,6.29,0.02443,0.0511,0.855,0.9321,0.6082,poverty,Medium
222,Enugu_LGA_12,Enugu,SE,6.4662,7.0682,99473,46464,11311,0.2434,0.3928,0.1318,0.1816,0.5,0.02857,0.0495,0.791,0.7293,0.5524,poverty,Medium
223,Enugu_LGA_13,Enugu,SE,7.088,8.1699,130051,63681,23110,0.3629,0.464,0.191,0.1573,4.01,0.02216,0.0368,0.666,0.7928,0.5617,poverty,Medium
224,Enugu_LGA_14,Enugu,SE,6.4512,8.1125,73315,37283,9069,0.2433,0.4712,0.1515,0.0417,2.15,0.03943,0.0582,0.7,0.8759,0.5103,poverty,Medium
225,Enugu_LGA_15,Enugu,SE,7.5109,7.24,233034,109069,28455,0.2609,0.1221,0.306,0.0665,1.0,0.03966,0.0465,0.674,0.7855,0.8395,school_supply,Medium
226,FCT Abuja_LGA_01,FCT Abuja,NC,9.7405,7.9997,61579,33493,10876,0.3247,0.4075,0.0,0.1387,6.95,0.02335,0.0524,0.749,0.6411,0.57,poverty,Medium
227,FCT Abuja_LGA_02,FCT Abuja,NC,9.2955,7.6816,55291,27361,7913,0.2892,0.3516,0.1357,0.2546,4.28,0.02116,0.059,0.55,0.6342,0.6465,poverty,Medium
228,FCT Abuja_LGA_03,FCT Abuja,NC,9.3473,7.033,159080,86156,26339,0.3057,0.4201,0.1485,0.2261,1.61,0.03186,0.07,0.52,0.5677,0.5181,poverty,Medium
229,FCT Abuja_LGA_04,FCT Abuja,NC,9.7118,6.7573,174713,95987,38961,0.4059,0.4247,0.2178,0.21,13.54,0.02142,0.0571,0.801,0.6605,0.5395,distance,High
230,FCT Abuja_LGA_05,FCT Abuja,NC,9.5932,7.6232,124849,51254,15348,0.2995,0.3243,0.1771,0.2634,4.08,0.01993,0.0427,0.422,0.7238,0.5848,poverty,Medium
231,FCT Abuja_LGA_06,FCT Abuja,NC,9.7356,7.0994,88283,43313,14842,0.3427,0.3571,0.0095,0.2077,5.87,0.03032,0.0533,1.081,0.5773,0.67,poverty,Medium
232,Gombe_LGA_01,Gombe,NE,10.6172,11.9453,170620,72695,35649,0.4904,0.6687,0.4478,0.4191,1.7,0.01941,0.0904,1.028,0.4105,0.2335,poverty,High
233,Gombe_LGA_02,Gombe,NE,9.6089,11.5332,70148,29049,16288,0.5607,0.8124,0.5287,0.4174,1.23,0.01872,0.0818,0.425,0.4267,0.1781,poverty,High
234,Gombe_LGA_03,Gombe,NE,10.9709,11.5884,142312,64432,38301,0.5944,0.783,0.4274,0.3985,4.68,0.01442,0.0905,0.613,0.3579,0.139,poverty,High
235,Gombe_LGA_04,Gombe,NE,10.745,11.3143,53518,27892,14896,0.5341,0.7349,0.8032,0.3686,2.22,0.01669,0.0937,1.051,0.3909,0.3275,poverty,High
236,Gombe_LGA_05,Gombe,NE,9.7917,11.407,41639,18874,9380,0.497,0.7013,0.4224,0.5136,3.56,0.01,0.083,0.785,0.4437,0.2965,poverty,High
237,Gombe_LGA_06,Gombe,NE,10.9172,11.2707,131871,58107,30146,0.5188,0.7004,0.4082,0.3206,3.1,0.02574,0.0998,0.812,0.4621,0.1815,poverty,High
238,Gombe_LGA_07,Gombe,NE,9.5397,11.6564,141829,61583,26408,0.4288,0.6302,0.4288,0.4082,0.5,0.01,0.0802,0.583,0.3714,0.2648,poverty,High
239,Gombe_LGA_08,Gombe,NE,10.7015,11.8925,42384,17622,10000,0.5675,0.7407,0.6059,0.3149,6.86,0.02854,0.0858,0.628,0.4931,0.218,poverty,High
240,Gombe_LGA_09,Gombe,NE,9.5338,10.811,86366,42047,31040,0.7382,0.8317,0.4452,0.3821,16.03,0.02587,0.0797,1.105,0.4373,0.0857,poverty,Critical
241,Gombe_LGA_10,Gombe,NE,10.2592,11.9161,57828,28332,11711,0.4134,0.7568,0.3338,0.2878,0.5,0.01507,0.0809,0.781,0.4492,0.1462,poverty,High
242,Gombe_LGA_11,Gombe,NE,10.9734,11.8691,14171,6591,3807,0.5777,0.7937,0.6097,0.4171,0.92,0.0104,0.1011,0.544,0.4208,0.1986,poverty,High
243,Imo_LGA_01,Imo,SE,5.7369,7.615,201926,91412,26617,0.2912,0.2949,0.3149,0.0778,4.85,0.02805,0.0463,0.903,0.7242,0.7168,poverty,Medium
244,Imo_LGA_02,Imo,SE,6.183,6.7277,221568,101678,28501,0.2803,0.3064,0.3612,0.0555,2.16,0.01,0.0496,0.706,0.7105,0.6783,poverty,Medium
245,Imo_LGA_03,Imo,SE,4.9558,6.322,195271,95247,21103,0.2216,0.3569,0.0,0.0417,5.49,0.03453,0.0577,0.633,0.8804,0.5418,poverty,Medium
246,Imo_LGA_04,Imo,SE,5.2735,6.7885,183634,73732,17198,0.2333,0.1977,0.1783,0.0939,1.3,0.02462,0.0442,0.986,0.8114,0.719,school_supply,Medium
247,Imo_LGA_05,Imo,SE,5.4979,7.7868,110689,48733,18148,0.3724,0.3581,0.5089,0.1058,4.41,0.02587,0.0399,0.667,0.7355,0.6101,poverty,Medium
248,Imo_LGA_06,Imo,SE,5.8878,7.8186,114550,61407,14118,0.2299,0.2671,0.133,0.1368,0.5,0.01,0.0469,0.85,0.8383,0.7051,poverty,Medium
249,Imo_LGA_07,Imo,SE,6.07,7.0854,134668,66391,22422,0.3377,0.2815,0.1965,0.0,12.85,0.02047,0.0472,0.726,0.815,0.5927,distance,Medium
250,Imo_LGA_08,Imo,SE,4.8617,7.6205,111562,54038,12161,0.2251,0.3426,0.0532,0.0684,0.5,0.02148,0.0554,0.525,0.7812,0.6127,poverty,Medium
251,Imo_LGA_09,Imo,SE,6.3454,6.6566,206830,94036,33884,0.3603,0.3808,0.1476,0.029,12.62,0.01953,0.0274,0.865,0.7017,0.5816,distance,Medium
252,Imo_LGA_10,Imo,SE,5.3087,7.3465,79531,42576,13546,0.3182,0.29,0.1745,0.0032,8.24,0.01513,0.0499,0.618,0.826,0.6251,poverty,Medium
253,Imo_LGA_11,Imo,SE,6.037,6.9818,234890,109430,28692,0.2622,0.2265,0.1927,0.1013,8.67,0.01583,0.0345,0.647,0.6901,0.6098,distance,Medium
254,Jigawa_LGA_01,Jigawa,NW,12.0752,9.6443,141664,71539,39104,0.5466,0.7992,0.2142,0.3753,4.16,0.02687,0.0729,1.116,0.2227,0.1184,poverty,High
255,Jigawa_LGA_02,Jigawa,NW,11.7538,9.5574,108723,50241,32825,0.6534,0.6963,0.396,0.2902,16.15,0.02108,0.0764,0.468,0.3492,0.279,poverty,Critical
256,Jigawa_LGA_03,Jigawa,NW,11.421,9.7918,214717,117168,69954,0.597,0.9051,0.3022,0.5407,10.04,0.02317,0.0853,1.363,0.4074,0.02,poverty,High
257,Jigawa_LGA_04,Jigawa,NW,12.6286,9.7351,172344,72906,37274,0.5113,0.8621,0.3349,0.405,1.9,0.03604,0.0998,0.814,0.3491,0.1054,poverty,High
258,Jigawa_LGA_05,Jigawa,NW,12.195,8.838,34277,18280,9820,0.5373,0.817,0.2419,0.4352,1.85,0.02601,0.0946,0.546,0.3629,0.1176,poverty,High
259,Jigawa_LGA_06,Jigawa,NW,12.8374,9.1204,75850,39431,18899,0.4793,0.7148,0.2619,0.4246,9.01,0.01,0.0942,1.081,0.2204,0.2415,poverty,High
260,Jigawa_LGA_07,Jigawa,NW,12.9013,9.7563,78777,41403,24169,0.5838,0.8022,0.5138,0.4009,6.45,0.02741,0.0897,1.193,0.4139,0.2321,poverty,High
261,Jigawa_LGA_08,Jigawa,NW,12.6391,8.9847,159429,73377,36775,0.5012,0.723,0.3045,0.3859,0.95,0.03201,0.0796,1.101,0.4303,0.2377,poverty,High
262,Jigawa_LGA_09,Jigawa,NW,12.8842,10.0411,199669,109748,63388,0.5776,0.8329,0.5648,0.3909,3.88,0.02455,0.0696,0.953,0.2325,0.1191,poverty,High
263,Jigawa_LGA_10,Jigawa,NW,12.1213,9.2189,94366,42382,23524,0.555,0.8152,0.4013,0.4328,9.93,0.02034,0.0769,0.324,0.2704,0.2447,poverty,High
264,Jigawa_LGA_11,Jigawa,NW,12.8444,9.7241,166763,83425,47600,0.5706,0.8051,0.5307,0.4176,2.48,0.01,0.0894,0.7,0.413,0.1347,poverty,High
265,Jigawa_LGA_12,Jigawa,NW,12.8363,9.8359,71644,34400,17445,0.5072,0.7987,0.3351,0.4803,1.55,0.02474,0.0726,0.445,0.4267,0.096,poverty,High
266,Jigawa_LGA_13,Jigawa,NW,11.4683,10.0653,202700,90482,49054,0.5422,0.7539,0.4718,0.4057,2.33,0.01858,0.0938,1.303,0.4014,0.162,poverty,High
267,Jigawa_LGA_14,Jigawa,NW,11.9282,8.8927,90197,37818,19053,0.5038,0.8491,0.3928,0.3696,0.89,0.02283,0.0819,0.967,0.237,0.1681,poverty,High
268,Jigawa_LGA_15,Jigawa,NW,12.3413,9.3359,59115,30188,17945,0.5945,0.7381,0.4203,0.36,16.53,0.01959,0.0935,1.34,0.3799,0.2169,poverty,High
269,Jigawa_LGA_16,Jigawa,NW,12.1011,9.5393,198654,101868,66910,0.6568,0.9317,0.4968,0.5209,6.84,0.03215,0.0807,1.042,0.2122,0.1349,poverty,Critical
270,Jigawa_LGA_17,Jigawa,NW,11.8991,8.8358,139295,71058,38558,0.5426,0.7829,0.2147,0.4431,3.85,0.01416,0.0835,0.72,0.3703,0.164,poverty,High
271,Kaduna_LGA_01,Kaduna,NW,11.3076,7.847,191526,89002,54588,0.6133,0.7459,0.7227,0.4315,1.55,0.02992,0.0735,0.762,0.3303,0.1641,poverty,Critical
272,Kaduna_LGA_02,Kaduna,NW,10.999,8.179,61268,31167,19337,0.6204,0.6955,0.7665,0.3955,9.72,0.01772,0.0652,1.227,0.3126,0.3424,poverty,Critical
273,Kaduna_LGA_03,Kaduna,NW,10.4259,6.9779,69714,28772,16141,0.561,0.8699,0.6348,0.3884,0.84,0.01244,0.08,0.804,0.3762,0.0956,poverty,High
274,Kaduna_LGA_04,Kaduna,NW,10.4412,7.8421,83907,34298,16473,0.4803,0.732,0.4266,0.4068,0.64,0.02439,0.0857,0.22,0.2351,0.3399,poverty,High
275,Kaduna_LGA_05,Kaduna,NW,10.5401,7.1792,68183,28073,16045,0.5716,0.8649,0.6137,0.3776,3.31,0.02223,0.0679,0.928,0.5541,0.1891,poverty,High
276,Kaduna_LGA_06,Kaduna,NW,11.2589,6.776,11244,5045,2771,0.5493,0.9226,0.521,0.365,1.52,0.01115,0.0677,0.785,0.2727,0.0326,poverty,High
277,Kaduna_LGA_07,Kaduna,NW,9.9656,7.5397,61617,24832,14838,0.5976,0.8086,0.5722,0.4235,3.72,0.01877,0.0808,0.565,0.2751,0.2107,poverty,High
278,Kaduna_LGA_08,Kaduna,NW,10.7858,7.6473,27063,13609,9719,0.7142,0.8757,0.6935,0.4456,2.4,0.03156,0.0823,0.99,0.3666,0.1242,poverty,Critical
279,Kaduna_LGA_09,Kaduna,NW,10.9496,7.6444,75717,37338,21504,0.5759,0.7843,0.5512,0.4772,6.05,0.01605,0.0641,0.573,0.2073,0.2257,poverty,High
280,Kaduna_LGA_10,Kaduna,NW,10.4723,7.1045,98527,49836,31414,0.6304,0.7618,0.7299,0.3859,16.94,0.01852,0.0876,0.732,0.3043,0.2044,poverty,Critical
281,Kaduna_LGA_11,Kaduna,NW,10.1733,7.3184,185221,87145,50278,0.577,0.8442,0.659,0.3967,0.93,0.02771,0.0845,1.078,0.404,0.1182,poverty,High
282,Kaduna_LGA_12,Kaduna,NW,10.8015,7.1899,205644,113074,58516,0.5175,0.7451,0.5094,0.423,0.81,0.01,0.0838,0.244,0.2684,0.297,poverty,High
283,Kaduna_LGA_13,Kaduna,NW,9.7231,8.1647,37010,19960,10991,0.5507,0.7806,0.5523,0.4774,2.88,0.02602,0.0652,0.749,0.2112,0.1447,poverty,High
284,Kaduna_LGA_14,Kaduna,NW,9.9479,7.7013,185808,93968,53120,0.5653,0.8023,0.6301,0.4491,2.59,0.01307,0.0816,0.77,0.3763,0.1913,poverty,High
285,Kaduna_LGA_15,Kaduna,NW,10.319,7.7096,204090,90970,47777,0.5252,0.7614,0.5937,0.4092,2.11,0.0175,0.0896,1.17,0.3389,0.2042,poverty,High
286,Kaduna_LGA_16,Kaduna,NW,10.5918,7.6967,31972,17152,9351,0.5452,0.8388,0.4875,0.3516,5.5,0.01852,0.0723,1.229,0.3665,0.174,poverty,High
287,Kaduna_LGA_17,Kaduna,NW,10.6578,7.4563,41602,17831,9797,0.5495,0.8437,0.785,0.4043,1.45,0.01922,0.1074,1.06,0.2791,0.1702,poverty,High
288,Kaduna_LGA_18,Kaduna,NW,10.0045,8.0508,19250,10555,5570,0.5278,0.6702,0.4851,0.4005,5.28,0.02329,0.0679,1.014,0.2493,0.3789,poverty,High
289,Kaduna_LGA_19,Kaduna,NW,9.8896,7.2735,151588,82324,46682,0.5671,0.865,0.6018,0.3487,2.01,0.01,0.0672,0.921,0.2541,0.1375,poverty,High
290,Kaduna_LGA_20,Kaduna,NW,10.555,6.9552,58818,26809,14515,0.5415,0.8459,0.7236,0.3622,1.7,0.01182,0.0759,0.721,0.2859,0.0779,poverty,High
291,Kaduna_LGA_21,Kaduna,NW,10.0722,7.3868,64682,30269,16501,0.5452,0.7106,0.7791,0.3682,5.29,0.02535,0.0866,0.343,0.3255,0.1796,poverty,High
292,Kaduna_LGA_22,Kaduna,NW,10.0086,7.7858,77259,32901,21759,0.6614,0.7003,0.7353,0.5211,10.85,0.01,0.0576,0.727,0.3187,0.2372,poverty,Critical
293,Kaduna_LGA_23,Kaduna,NW,9.7888,7.5442,71836,37316,22821,0.6116,0.8733,0.6013,0.4444,0.5,0.01,0.0657,0.573,0.2595,0.1518,poverty,Critical
294,Kano_LGA_01,Kano,NW,12.2607,8.488,165774,86738,40069,0.462,0.8576,0.4068,0.474,2.89,0.01746,0.0716,1.011,0.443,0.1257,poverty,High
295,Kano_LGA_02,Kano,NW,12.4056,7.9365,126793,66468,41175,0.6195,0.7618,0.6384,0.3967,3.92,0.02022,0.06,0.572,0.4227,0.1829,poverty,Critical
296,Kano_LGA_03,Kano,NW,11.6689,9.2455,116560,58779,29465,0.5013,0.8008,0.3196,0.3503,4.75,0.01485,0.0697,0.331,0.3616,0.191,poverty,High
297,Kano_LGA_04,Kano,NW,11.4896,8.3486,48507,21397,12382,0.5787,0.7997,0.4744,0.4388,0.5,0.01787,0.0764,0.39,0.2795,0.1492,poverty,High
298,Kano_LGA_05,Kano,NW,11.6954,8.5842,97411,42168,21753,0.5159,0.7373,0.3695,0.3655,0.93,0.01434,0.0901,0.726,0.292,0.1738,poverty,High
299,Kano_LGA_06,Kano,NW,12.1457,8.7149,20139,10820,6671,0.6166,0.9344,0.3692,0.3841,9.38,0.01302,0.0917,0.908,0.3645,0.0934,poverty,Critical
300,Kano_LGA_07,Kano,NW,11.7146,9.0444,184145,95706,48122,0.5028,0.7943,0.4005,0.4098,1.52,0.01,0.0646,0.534,0.2668,0.1529,poverty,High
301,Kano_LGA_08,Kano,NW,11.8164,9.3144,42646,17188,9354,0.5443,0.7831,0.4587,0.4297,2.99,0.02135,0.102,0.795,0.2885,0.1866,poverty,High
302,Kano_LGA_09,Kano,NW,12.5696,8.8548,131250,61065,31401,0.5142,0.8081,0.3835,0.3717,0.56,0.02051,0.0889,0.77,0.3759,0.1457,poverty,High
303,Kano_LGA_10,Kano,NW,11.6,8.5805,162451,85936,47492,0.5526,0.8893,0.4713,0.4294,0.5,0.02204,0.0906,0.604,0.2937,0.1087,poverty,High
304,Kano_LGA_11,Kano,NW,12.222,8.1182,75815,36643,21842,0.5961,0.8024,0.3843,0.392,4.12,0.01,0.0718,0.05,0.3055,0.158,poverty,High
305,Kano_LGA_12,Kano,NW,12.7774,8.7664,48367,22925,12529,0.5466,0.7904,0.5026,0.399,2.34,0.01,0.0756,1.026,0.5261,0.1918,poverty,High
306,Kano_LGA_13,Kano,NW,12.3579,8.6038,24845,10332,5823,0.5636,0.8854,0.4436,0.389,0.89,0.02142,0.0722,1.355,0.3159,0.1419,poverty,High
307,Kano_LGA_14,Kano,NW,12.3939,8.9217,28798,14452,7790,0.5391,0.8647,0.4559,0.3679,0.5,0.01326,0.0739,1.138,0.422,0.0864,poverty,High
308,Kano_LGA_15,Kano,NW,12.7614,8.8152,52896,23187,10919,0.4709,0.8797,0.3912,0.4505,0.5,0.01822,0.0702,1.105,0.2827,0.1257,poverty,High
309,Kano_LGA_16,Kano,NW,11.2524,8.8917,119632,60737,32202,0.5302,0.8361,0.2991,0.4153,4.33,0.04878,0.0829,0.686,0.4576,0.0554,poverty,High
310,Kano_LGA_17,Kano,NW,12.5672,7.7533,131127,61600,30107,0.4888,0.9364,0.4376,0.3581,1.8,0.01534,0.0836,1.201,0.4282,0.0801,poverty,High
311,Kano_LGA_18,Kano,NW,11.6464,9.2547,130710,61665,37216,0.6035,0.802,0.4304,0.3431,16.92,0.01922,0.085,1.118,0.3926,0.1819,poverty,Critical
312,Kano_LGA_19,Kano,NW,12.58,8.0586,249577,133396,73606,0.5518,0.8528,0.4337,0.295,2.11,0.03004,0.0808,0.375,0.5325,0.131,poverty,High
313,Kano_LGA_20,Kano,NW,12.6557,8.0662,50233,24109,13608,0.5645,0.98,0.5003,0.4411,0.84,0.01164,0.0928,0.547,0.3667,0.02,poverty,High
314,Kano_LGA_21,Kano,NW,11.9549,8.8622,150607,78271,45547,0.5819,0.98,0.539,0.3871,0.5,0.0274,0.0912,0.697,0.3467,0.033,poverty,High
315,Kano_LGA_22,Kano,NW,12.5116,7.7249,205789,99322,59381,0.5979,0.9304,0.521,0.4239,1.91,0.01678,0.0962,0.963,0.6057,0.02,poverty,High
316,Kano_LGA_23,Kano,NW,12.3863,9.0641,56775,27064,15773,0.5828,0.8924,0.5162,0.4352,0.75,0.03173,0.0923,0.98,0.3603,0.1082,poverty,High
317,Kano_LGA_24,Kano,NW,11.4039,7.9194,249954,124575,57096,0.4583,0.7303,0.3151,0.3476,3.04,0.02185,0.0797,0.865,0.3841,0.2114,poverty,High
318,Kano_LGA_25,Kano,NW,12.628,8.8265,24540,11565,5371,0.4644,0.7568,0.4981,0.3131,0.91,0.03259,0.0763,0.888,0.4335,0.1956,poverty,High
319,Kano_LGA_26,Kano,NW,11.4346,8.4111,62773,30024,15094,0.5027,0.8474,0.5158,0.3908,0.5,0.01098,0.0839,1.353,0.3755,0.118,poverty,High
320,Kano_LGA_27,Kano,NW,11.5601,8.4746,14342,7142,2868,0.4016,0.6169,0.4798,0.3768,1.05,0.0341,0.0729,0.596,0.3336,0.3655,poverty,High
321,Kano_LGA_28,Kano,NW,11.9026,8.0085,141228,64448,38603,0.599,0.826,0.4451,0.3869,8.73,0.03398,0.0781,0.667,0.4317,0.1205,poverty,High
322,Kano_LGA_29,Kano,NW,11.4615,8.314,230451,98413,45024,0.4575,0.8469,0.1622,0.4163,3.16,0.02036,0.0825,0.791,0.3398,0.1684,poverty,High
323,Kano_LGA_30,Kano,NW,11.5655,8.6675,188576,91478,49540,0.5416,0.828,0.2504,0.4058,0.72,0.01631,0.0905,0.942,0.3895,0.0662,poverty,High
324,Kano_LGA_31,Kano,NW,11.5781,8.1942,147351,71201,38612,0.5423,0.7516,0.4152,0.3765,7.11,0.01792,0.0596,1.137,0.3375,0.1993,poverty,High
325,Kano_LGA_32,Kano,NW,12.5476,9.2779,166155,74616,46402,0.6219,0.8526,0.4519,0.39,2.28,0.02074,0.0654,0.492,0.2839,0.1749,poverty,Critical
326,Kano_LGA_33,Kano,NW,11.4799,7.9621,108370,53988,23535,0.4359,0.7904,0.3404,0.2907,1.88,0.02374,0.0782,0.759,0.4029,0.1109,poverty,High
327,Kano_LGA_34,Kano,NW,11.5805,9.0456,193156,92723,51968,0.5605,0.6438,0.2486,0.3934,15.42,0.01,0.0994,0.894,0.382,0.286,poverty,High
328,Kano_LGA_35,Kano,NW,12.5607,9.3138,77789,38327,20745,0.5413,0.9478,0.4182,0.464,4.93,0.01231,0.0684,0.875,0.3493,0.0238,poverty,High
329,Kano_LGA_36,Kano,NW,11.409,8.356,63392,29457,14807,0.5027,0.7652,0.5547,0.3959,1.78,0.01556,0.0824,0.783,0.2082,0.2828,poverty,High
330,Kano_LGA_37,Kano,NW,12.4211,8.1124,80677,38935,23617,0.6066,0.9189,0.4311,0.4184,4.37,0.02964,0.0877,0.373,0.2883,0.0228,poverty,Critical
331,Kano_LGA_38,Kano,NW,11.7074,8.7664,173458,78633,40979,0.5211,0.7005,0.3947,0.3172,5.68,0.02315,0.0991,1.054,0.3102,0.3105,poverty,High
332,Kano_LGA_39,Kano,NW,12.768,8.1236,127420,64807,35337,0.5453,0.7384,0.4101,0.3461,5.33,0.02016,0.094,0.802,0.2825,0.2231,poverty,High
333,Kano_LGA_40,Kano,NW,12.326,9.3042,129300,68716,31335,0.456,0.7703,0.3732,0.3712,0.5,0.02318,0.0795,1.126,0.2946,0.2561,poverty,High
334,Kano_LGA_41,Kano,NW,11.7827,9.0779,81433,40781,22508,0.5519,0.8438,0.325,0.4893,3.85,0.01435,0.0851,0.877,0.3027,0.1785,poverty,High
335,Kano_LGA_42,Kano,NW,12.0092,9.1804,60036,26999,15935,0.5902,0.8384,0.4059,0.3679,7.07,0.01125,0.0843,0.704,0.4848,0.1003,poverty,High
336,Kano_LGA_43,Kano,NW,12.1969,9.1968,51999,23167,10006,0.4319,0.6478,0.424,0.375,3.8,0.02905,0.0669,1.039,0.2879,0.397,poverty,High
337,Kano_LGA_44,Kano,NW,11.9472,8.237,130565,64424,36934,0.5733,0.799,0.3831,0.4636,4.6,0.02076,0.0895,1.043,0.3312,0.1664,poverty,High
338,Katsina_LGA_01,Katsina,NW,12.7195,7.1222,49556,21464,10651,0.4962,0.809,0.5075,0.452,2.29,0.01803,0.0819,0.589,0.4585,0.2174,poverty,High
339,Katsina_LGA_02,Katsina,NW,12.1915,7.568,50555,21179,9047,0.4272,0.7468,0.5301,0.3447,2.0,0.02882,0.0827,0.244,0.2667,0.2561,poverty,High
340,Katsina_LGA_03,Katsina,NW,13.5822,8.2213,163258,73637,40934,0.5559,0.7545,0.5995,0.3661,2.3,0.02299,0.0978,1.287,0.3728,0.2441,poverty,High
341,Katsina_LGA_04,Katsina,NW,12.6804,6.8659,204237,112235,54223,0.4831,0.8018,0.5501,0.4059,1.34,0.02149,0.0864,0.934,0.3358,0.2605,poverty,High
342,Katsina_LGA_05,Katsina,NW,12.6468,7.5349,48722,23325,13736,0.5889,0.9036,0.5363,0.3551,1.8,0.01602,0.0876,0.694,0.4081,0.0942,poverty,High
343,Katsina_LGA_06,Katsina,NW,13.754,7.521,123795,60045,31148,0.5188,0.6835,0.4542,0.4424,0.5,0.022,0.0771,1.027,0.4135,0.2669,poverty,High
344,Katsina_LGA_07,Katsina,NW,12.7416,7.7546,68596,33665,16929,0.5029,0.8235,0.4946,0.4279,1.45,0.02158,0.0694,1.189,0.2528,0.1372,poverty,High
345,Katsina_LGA_08,Katsina,NW,12.6963,8.2758,70746,30692,16836,0.5486,0.9527,0.2188,0.3499,4.27,0.02492,0.0689,0.787,0.3494,0.0849,poverty,High
346,Katsina_LGA_09,Katsina,NW,12.6475,6.9245,205153,98829,48836,0.4941,0.7641,0.3967,0.312,5.87,0.01253,0.0682,0.894,0.248,0.0551,poverty,High
347,Katsina_LGA_10,Katsina,NW,13.7731,6.9143,231638,100102,70204,0.7013,0.8905,0.4981,0.3979,23.51,0.01951,0.0723,0.851,0.3251,0.0513,poverty,Critical
348,Katsina_LGA_11,Katsina,NW,13.2205,7.4457,165848,89134,49526,0.5556,0.8133,0.4132,0.4035,0.75,0.01213,0.0638,0.692,0.3894,0.1333,poverty,High
349,Kebbi_LGA_01,Kebbi,NW,13.1971,4.7888,249807,117879,58445,0.4958,0.757,0.0439,0.3777,3.72,0.02126,0.0828,1.196,0.3746,0.2586,poverty,High
350,Kebbi_LGA_02,Kebbi,NW,12.8628,4.099,53382,25496,12257,0.4808,0.7703,0.2351,0.3646,5.94,0.01,0.078,0.622,0.4326,0.2214,poverty,High
351,Kebbi_LGA_03,Kebbi,NW,12.4623,4.905,98885,45654,23458,0.5138,0.8773,0.2906,0.454,0.94,0.02661,0.0751,0.256,0.3655,0.1467,poverty,High
352,Kebbi_LGA_04,Kebbi,NW,11.9363,4.0624,178375,71637,27814,0.3883,0.8541,0.2439,0.4555,1.19,0.01514,0.0964,1.061,0.3154,0.1457,poverty,Medium
353,Kebbi_LGA_05,Kebbi,NW,11.8996,4.8063,16412,8365,4089,0.4889,0.7915,0.3247,0.4565,1.54,0.01119,0.0832,0.702,0.3315,0.1731,poverty,High
354,Kebbi_LGA_06,Kebbi,NW,11.8505,3.5388,56808,28366,13413,0.4729,0.892,0.3813,0.3976,0.5,0.01907,0.079,0.776,0.329,0.1098,poverty,High
355,Kebbi_LGA_07,Kebbi,NW,12.1194,3.7806,147072,67377,44938,0.667,0.8893,0.325,0.4253,4.85,0.03487,0.0739,0.85,0.4124,0.0503,poverty,Critical
356,Kebbi_LGA_08,Kebbi,NW,11.8896,4.3549,172664,80515,41682,0.5177,0.9165,0.3368,0.3505,1.3,0.01,0.096,0.86,0.132,0.0582,poverty,High
357,Kebbi_LGA_09,Kebbi,NW,12.7572,4.1695,247499,131648,74677,0.5673,0.7155,0.2929,0.4016,4.86,0.03023,0.0715,0.894,0.3494,0.1782,poverty,High
358,Kebbi_LGA_10,Kebbi,NW,12.742,3.7467,146463,67146,30203,0.4498,0.5712,0.3733,0.3952,2.16,0.01266,0.0835,1.054,0.3082,0.3647,poverty,High
359,Kebbi_LGA_11,Kebbi,NW,12.0912,4.8076,73157,36187,18641,0.5151,0.8979,0.2538,0.3336,2.68,0.01496,0.0743,0.78,0.3494,0.0725,poverty,High
360,Kebbi_LGA_12,Kebbi,NW,12.2321,4.559,68720,35560,17262,0.4855,0.8082,0.3581,0.3311,0.5,0.0144,0.0947,0.624,0.4046,0.1401,poverty,High
361,Kebbi_LGA_13,Kebbi,NW,12.7558,3.7645,61951,26258,10266,0.391,0.7147,0.1053,0.3456,1.4,0.01,0.0727,0.196,0.2626,0.3167,poverty,Medium
362,Kebbi_LGA_14,Kebbi,NW,12.0399,3.7771,46417,22620,11341,0.5014,0.8165,0.3868,0.4451,0.5,0.01385,0.0802,0.704,0.3279,0.267,poverty,High
363,Kebbi_LGA_15,Kebbi,NW,12.3942,3.7332,142051,76410,41613,0.5446,0.7685,0.2471,0.3888,0.86,0.02496,0.0867,0.953,0.2744,0.2127,poverty,High
364,Kebbi_LGA_16,Kebbi,NW,11.661,4.7679,53894,26916,12699,0.4718,0.8344,0.1648,0.34,1.44,0.0163,0.0894,0.974,0.3858,0.0941,poverty,High
365,Kebbi_LGA_17,Kebbi,NW,11.9166,3.4702,190704,84613,50061,0.5917,0.8553,0.2651,0.4113,11.03,0.01857,0.0918,0.968,0.2266,0.0751,poverty,High
366,Kebbi_LGA_18,Kebbi,NW,12.4287,4.3614,55665,27209,13629,0.5009,0.8447,0.2554,0.2959,7.94,0.02021,0.0818,1.432,0.4432,0.1791,poverty,High
367,Kebbi_LGA_19,Kebbi,NW,11.6619,4.7626,60903,27250,13637,0.5004,0.86,0.3357,0.3456,1.08,0.02085,0.0627,0.785,0.3665,0.1746,poverty,High
368,Kogi_LGA_01,Kogi,NC,7.3933,7.5382,140737,67890,33251,0.4898,0.5398,0.4196,0.2161,8.54,0.02881,0.0668,0.527,0.7785,0.441,poverty,High
369,Kogi_LGA_02,Kogi,NC,7.9642,6.0288,74473,35410,11784,0.3328,0.3737,0.3371,0.1739,0.98,0.01369,0.0584,1.367,0.7508,0.5814,poverty,Medium
370,Kogi_LGA_03,Kogi,NC,7.5498,6.6644,113104,46116,14154,0.3069,0.4438,0.1178,0.2562,4.47,0.02067,0.0387,0.983,0.5677,0.4674,poverty,Medium
371,Kogi_LGA_04,Kogi,NC,7.6618,7.1943,108841,54791,15768,0.2878,0.4172,0.1891,0.1834,0.5,0.01852,0.0459,1.097,0.4209,0.5022,poverty,Medium
372,Kogi_LGA_05,Kogi,NC,8.3247,7.3189,174131,74138,28704,0.3872,0.393,0.3587,0.2098,13.65,0.03584,0.0456,0.926,0.6712,0.5601,distance,Medium
373,Kogi_LGA_06,Kogi,NC,8.2054,7.4377,210476,101690,39325,0.3867,0.3958,0.3429,0.2539,3.17,0.02651,0.0605,0.532,0.6194,0.5288,poverty,Medium
374,Kogi_LGA_07,Kogi,NC,7.067,6.6432,64677,28076,8463,0.3015,0.3179,0.3425,0.1592,2.3,0.02651,0.0473,0.377,0.774,0.6315,poverty,Medium
375,Kogi_LGA_08,Kogi,NC,7.9944,6.8407,17652,7293,3053,0.4186,0.3879,0.4094,0.18,5.55,0.01645,0.0338,0.764,0.6264,0.5922,poverty,High
376,Kogi_LGA_09,Kogi,NC,7.3477,6.0404,156207,79669,24939,0.313,0.4458,0.4014,0.1264,5.88,0.01357,0.0435,0.463,0.6404,0.4576,poverty,Medium
377,Kogi_LGA_10,Kogi,NC,8.1941,6.1386,165020,78488,26039,0.3318,0.3693,0.1951,0.1999,6.98,0.02349,0.0615,1.129,0.5815,0.5692,poverty,Medium
378,Kogi_LGA_11,Kogi,NC,8.0526,6.5559,58329,24402,9191,0.3767,0.4528,0.1952,0.2401,8.66,0.01818,0.057,0.907,0.4705,0.5371,poverty,Medium
379,Kwara_LGA_01,Kwara,NC,9.1086,5.3088,163118,66521,29109,0.4376,0.4278,0.3239,0.202,7.13,0.02058,0.0685,0.594,0.5613,0.483,poverty,High
380,Kwara_LGA_02,Kwara,NC,7.8167,3.8671,12771,5343,2563,0.4797,0.3913,0.0564,0.3015,11.67,0.024,0.0466,0.8,0.6807,0.5352,poverty,High
381,Kwara_LGA_03,Kwara,NC,8.5974,3.908,57671,26572,8791,0.3309,0.3798,0.3606,0.2521,2.6,0.0203,0.0518,1.067,0.6096,0.5452,poverty,Medium
382,Kwara_LGA_04,Kwara,NC,8.7031,4.0446,106238,50612,19108,0.3776,0.5817,0.2585,0.2402,3.08,0.0141,0.0665,0.851,0.5262,0.36,poverty,Medium
383,Kwara_LGA_05,Kwara,NC,7.8647,5.065,133776,66569,32462,0.4877,0.5599,0.2263,0.2041,19.84,0.0201,0.0601,0.39,0.5968,0.38,poverty,High
384,Kwara_LGA_06,Kwara,NC,7.9478,5.1671,54948,29065,8988,0.3093,0.2204,0.1515,0.2539,5.92,0.02094,0.0759,0.572,0.6402,0.6364,school_supply,Medium
385,Kwara_LGA_07,Kwara,NC,8.9104,4.6737,51151,24717,8340,0.3375,0.5029,0.1124,0.1676,7.36,0.0148,0.0388,0.784,0.5216,0.5282,poverty,Medium
386,Kwara_LGA_08,Kwara,NC,8.6735,4.2814,197960,95635,40075,0.419,0.5313,0.4232,0.2363,13.12,0.0164,0.0504,1.418,0.6249,0.5276,poverty,High
387,Kwara_LGA_09,Kwara,NC,8.8615,4.2867,40444,16420,5997,0.3653,0.4436,0.194,0.3498,2.14,0.02191,0.0662,0.8,0.6488,0.4485,poverty,Medium
388,Kwara_LGA_10,Kwara,NC,8.351,4.275,103846,46893,15245,0.3251,0.525,0.2071,0.1414,0.5,0.01817,0.0625,0.657,0.5651,0.3681,poverty,Medium
389,Kwara_LGA_11,Kwara,NC,8.8881,4.1448,156666,76353,24832,0.3252,0.4185,0.0664,0.219,3.37,0.01542,0.0556,0.961,0.5829,0.4842,poverty,Medium
390,Kwara_LGA_12,Kwara,NC,7.8111,4.9075,218236,106792,39876,0.3734,0.5583,0.2392,0.2505,4.39,0.02041,0.0572,0.91,0.6151,0.4409,poverty,Medium
391,Kwara_LGA_13,Kwara,NC,8.282,5.0605,13670,5766,3334,0.5784,0.4309,0.1117,0.2168,30.0,0.01845,0.0685,0.59,0.7031,0.5533,distance,High
392,Kwara_LGA_14,Kwara,NC,8.6557,4.7903,84398,36772,13069,0.3554,0.3799,0.1903,0.2713,3.33,0.03232,0.0679,0.423,0.679,0.496,poverty,Medium
393,Kwara_LGA_15,Kwara,NC,7.8376,4.0552,80567,40539,13844,0.3415,0.4898,0.2532,0.1508,1.18,0.01,0.04,1.022,0.5798,0.5028,poverty,Medium
394,Kwara_LGA_16,Kwara,NC,8.7909,4.0719,86818,44815,15213,0.3395,0.4599,0.1529,0.178,6.68,0.01,0.0638,0.502,0.7127,0.501,poverty,Medium
395,Lagos_LGA_01,Lagos,SW,6.8837,3.3297,53673,26670,5216,0.1956,0.2384,0.0103,0.0769,3.31,0.02085,0.0546,0.578,0.8366,0.7164,school_supply,Low
396,Lagos_LGA_02,Lagos,SW,7.0278,4.0645,19146,8105,2456,0.3031,0.2953,0.2512,0.1502,4.98,0.01741,0.0535,1.014,0.7614,0.5825,poverty,Medium
397,Lagos_LGA_03,Lagos,SW,7.019,3.8899,236435,121084,25091,0.2072,0.3064,0.0,0.0727,3.85,0.01,0.0335,0.548,0.8417,0.7056,poverty,Medium
398,Lagos_LGA_04,Lagos,SW,7.2106,3.4286,85375,44345,9173,0.2069,0.231,0.1399,0.0752,1.02,0.02919,0.0294,1.039,0.9114,0.7078,poverty,Medium
399,Lagos_LGA_05,Lagos,SW,6.5494,2.7346,203964,112145,19560,0.1744,0.1936,0.0332,0.0007,1.88,0.0242,0.0397,0.631,0.8637,0.7754,school_supply,Low
400,Lagos_LGA_06,Lagos,SW,5.7205,3.1406,222301,99704,29183,0.2927,0.05,0.0942,0.0385,10.57,0.01582,0.0414,1.377,0.8141,0.8696,distance,Medium
401,Lagos_LGA_07,Lagos,SW,6.1208,4.1229,65388,33864,8999,0.2658,0.26,0.1307,0.0567,0.62,0.02063,0.049,0.796,0.8147,0.6534,poverty,Medium
402,Lagos_LGA_08,Lagos,SW,5.8818,3.4395,77206,35855,10714,0.2988,0.2303,0.2528,0.1173,10.34,0.0178,0.0307,0.72,0.9684,0.6216,distance,Medium
403,Lagos_LGA_09,Lagos,SW,6.1707,4.0444,68392,33580,9350,0.2784,0.235,0.2176,0.0,11.76,0.0174,0.0473,0.403,0.8404,0.7003,distance,Medium
404,Lagos_LGA_10,Lagos,SW,5.7217,4.1189,223058,91376,27301,0.2988,0.2404,0.1777,0.1244,1.82,0.02773,0.0536,0.307,0.889,0.7315,school_supply,Medium
405,Lagos_LGA_11,Lagos,SW,6.0018,3.6393,77662,41930,10926,0.2606,0.1968,0.1716,0.0287,4.67,0.02082,0.0501,1.486,0.7194,0.7387,poverty,Medium
406,Lagos_LGA_12,Lagos,SW,6.7796,2.8299,152447,80431,12772,0.1588,0.1529,0.0924,0.0762,0.5,0.01995,0.0267,1.018,0.8358,0.8205,school_supply,Low
407,Lagos_LGA_13,Lagos,SW,6.8372,3.1953,171770,89091,25101,0.2818,0.184,0.013,0.1479,6.47,0.01396,0.0457,0.243,0.942,0.7656,school_supply,Medium
408,Lagos_LGA_14,Lagos,SW,5.7351,3.4917,136895,66186,14142,0.2137,0.1888,0.0025,0.0843,4.72,0.03231,0.0437,1.077,0.8162,0.7062,school_supply,Medium
409,Lagos_LGA_15,Lagos,SW,6.6767,3.2666,140630,69026,13237,0.1918,0.2508,0.1887,0.0107,2.61,0.01556,0.0402,1.225,0.9046,0.714,poverty,Low
410,Lagos_LGA_16,Lagos,SW,6.4287,3.0788,183501,84981,14817,0.1744,0.1796,0.0,0.0496,10.09,0.02653,0.0435,0.62,0.8872,0.7745,distance,Low
411,Lagos_LGA_17,Lagos,SW,5.9011,3.6499,51504,21229,3526,0.1661,0.2059,0.0055,0.0343,2.3,0.02143,0.0443,0.921,0.841,0.6376,school_supply,Low
412,Lagos_LGA_18,Lagos,SW,6.0124,3.9934,187538,75448,18692,0.2478,0.314,0.1812,0.0106,4.4,0.02534,0.0319,1.055,0.8272,0.5469,poverty,Medium
413,Lagos_LGA_19,Lagos,SW,5.9281,2.9159,109284,52170,14826,0.2842,0.2488,0.0957,0.0683,5.44,0.01038,0.0311,0.137,0.8852,0.6155,school_supply,Medium
414,Lagos_LGA_20,Lagos,SW,5.9839,3.5049,163461,84247,22644,0.2688,0.1948,0.267,0.1457,4.74,0.02281,0.0299,1.016,0.8274,0.7527,school_supply,Medium
415,Nasarawa_LGA_01,Nasarawa,NC,8.613,7.6889,209780,107782,36660,0.3401,0.4037,0.2657,0.2812,1.14,0.02373,0.0468,0.568,0.6807,0.6038,poverty,Medium
416,Nasarawa_LGA_02,Nasarawa,NC,8.4033,8.9662,23314,12215,6391,0.5232,0.3249,0.4621,0.2562,12.54,0.02338,0.0553,0.546,0.7221,0.627,distance,High
417,Nasarawa_LGA_03,Nasarawa,NC,7.8973,7.6805,83267,36747,14619,0.3978,0.4626,0.3436,0.2392,6.0,0.01173,0.0607,0.851,0.7148,0.5033,poverty,Medium
418,Nasarawa_LGA_04,Nasarawa,NC,8.8293,8.9531,80291,42918,20332,0.4738,0.4234,0.569,0.2671,5.86,0.02315,0.0591,0.422,0.6227,0.5241,poverty,High
419,Nasarawa_LGA_05,Nasarawa,NC,7.8482,7.813,62444,29597,8981,0.3035,0.3954,0.5451,0.2385,0.5,0.01911,0.059,0.809,0.6778,0.6709,poverty,Medium
420,Nasarawa_LGA_06,Nasarawa,NC,7.8251,7.648,42574,18580,6352,0.3419,0.4822,0.0,0.2337,0.84,0.01,0.0752,0.05,0.715,0.4656,poverty,Medium
421,Nasarawa_LGA_07,Nasarawa,NC,8.0975,7.5801,29858,15880,6166,0.3883,0.4968,0.3588,0.1069,0.69,0.03458,0.0713,0.204,0.5188,0.4106,poverty,Medium
422,Nasarawa_LGA_08,Nasarawa,NC,9.0388,8.2608,186491,85678,33283,0.3885,0.4981,0.3452,0.1914,2.82,0.01723,0.0601,0.851,0.6703,0.4639,poverty,Medium
423,Nasarawa_LGA_09,Nasarawa,NC,8.7084,8.7364,163878,83164,30716,0.3693,0.4754,0.3814,0.1677,0.5,0.01537,0.0639,0.808,0.6157,0.4557,poverty,Medium
424,Nasarawa_LGA_10,Nasarawa,NC,9.0101,8.0004,172320,86678,42776,0.4935,0.4075,0.5895,0.181,7.44,0.01172,0.0427,1.26,0.7497,0.5633,poverty,High
425,Nasarawa_LGA_11,Nasarawa,NC,8.5806,8.7869,26271,11994,4744,0.3956,0.565,0.4659,0.3101,0.75,0.01669,0.0539,0.246,0.6177,0.4487,poverty,Medium
426,Nasarawa_LGA_12,Nasarawa,NC,8.1732,8.4279,56022,24520,8388,0.3421,0.4845,0.4167,0.1602,2.84,0.01,0.0638,1.571,0.5193,0.4519,poverty,Medium
427,Nasarawa_LGA_13,Nasarawa,NC,9.0532,8.4503,97641,49536,22798,0.4602,0.4622,0.4797,0.2008,7.28,0.02126,0.062,0.287,0.5965,0.5414,poverty,High
428,Niger_LGA_01,Niger,NC,9.4422,5.8194,57538,24944,8333,0.3341,0.4231,0.1142,0.2226,1.48,0.01,0.0713,1.03,0.7306,0.5484,poverty,Medium
429,Niger_LGA_02,Niger,NC,10.6657,5.588,83397,33703,13537,0.4017,0.3911,0.287,0.2194,6.33,0.02931,0.0715,0.538,0.6591,0.5056,poverty,High
430,Niger_LGA_03,Niger,NC,9.3166,6.1452,41037,18213,5980,0.3283,0.4953,0.2404,0.2964,0.5,0.0211,0.0551,1.296,0.6316,0.4617,poverty,Medium
431,Niger_LGA_04,Niger,NC,10.6679,4.9677,158893,63779,27795,0.4358,0.4754,0.3117,0.2085,1.15,0.01501,0.0572,0.339,0.5453,0.4463,poverty,High
432,Niger_LGA_05,Niger,NC,9.6137,5.6984,63217,27560,10826,0.3929,0.3918,0.4375,0.2563,1.41,0.01631,0.0712,0.502,0.6714,0.661,poverty,Medium
433,Niger_LGA_06,Niger,NC,10.179,6.1376,141744,70561,33280,0.4717,0.5061,0.4118,0.1845,7.87,0.01199,0.0585,0.631,0.5591,0.5391,poverty,High
434,Niger_LGA_07,Niger,NC,9.8592,5.5327,246028,109866,43677,0.3975,0.417,0.3273,0.1865,2.57,0.02285,0.0562,0.401,0.6517,0.5145,poverty,Medium
435,Niger_LGA_08,Niger,NC,9.515,6.0365,128409,65919,18347,0.2783,0.4069,0.1891,0.2104,2.17,0.01324,0.0583,0.206,0.7141,0.4953,poverty,Medium
436,Niger_LGA_09,Niger,NC,9.3864,5.8655,238755,99378,30540,0.3073,0.4491,0.348,0.272,1.55,0.02802,0.0745,0.971,0.6371,0.5463,poverty,Medium
437,Niger_LGA_10,Niger,NC,10.6714,6.2527,124949,59325,24085,0.406,0.5124,0.2979,0.2568,4.59,0.02999,0.0721,0.489,0.6786,0.4085,poverty,High
438,Niger_LGA_11,Niger,NC,10.4966,6.0525,132397,71800,30977,0.4314,0.6114,0.3177,0.3224,0.5,0.02019,0.0472,1.133,0.5998,0.3174,poverty,High
439,Niger_LGA_12,Niger,NC,10.5593,5.0127,188011,78713,28020,0.356,0.4452,0.3783,0.2777,0.5,0.03646,0.069,0.73,0.7063,0.5846,poverty,Medium
440,Niger_LGA_13,Niger,NC,10.7205,6.2027,146579,64483,24927,0.3866,0.4327,0.3576,0.2837,3.37,0.02379,0.0605,0.702,0.627,0.5174,poverty,Medium
441,Niger_LGA_14,Niger,NC,9.821,5.6721,31250,14389,5581,0.3879,0.5593,0.4624,0.2102,0.5,0.01872,0.0653,0.894,0.6447,0.4035,poverty,Medium
442,Niger_LGA_15,Niger,NC,9.7723,5.3319,32745,15669,7170,0.4576,0.6668,0.1796,0.137,10.0,0.01914,0.069,0.977,0.6538,0.3263,poverty,High
443,Niger_LGA_16,Niger,NC,9.7024,4.9099,204231,92372,31798,0.3442,0.3603,0.3764,0.2123,0.6,0.01,0.0452,0.999,0.4177,0.637,poverty,Medium
444,Niger_LGA_17,Niger,NC,9.2362,4.9864,188604,99339,44170,0.4446,0.7067,0.0727,0.2348,2.57,0.01487,0.0643,0.738,0.6504,0.2184,poverty,High
445,Niger_LGA_18,Niger,NC,9.8174,6.3468,55859,28733,11491,0.3999,0.5776,0.2933,0.2954,3.0,0.01335,0.0592,0.836,0.7621,0.402,poverty,Medium
446,Niger_LGA_19,Niger,NC,9.3409,6.181,17264,7650,3166,0.414,0.4503,0.2605,0.1718,12.29,0.01,0.0525,1.25,0.6235,0.53,poverty,High
447,Niger_LGA_20,Niger,NC,10.2902,5.2215,36228,17970,5570,0.31,0.4103,0.0876,0.2461,7.46,0.01738,0.0503,0.359,0.6579,0.6114,poverty,Medium
448,Niger_LGA_21,Niger,NC,10.1703,6.0373,140669,57177,25227,0.4412,0.5191,0.3607,0.0507,10.58,0.01164,0.0458,0.743,0.6729,0.3508,poverty,High
449,Niger_LGA_22,Niger,NC,10.6204,5.9029,117209,54351,25936,0.4772,0.5321,0.1489,0.2532,16.39,0.0192,0.0429,0.756,0.6891,0.3543,poverty,High
450,Niger_LGA_23,Niger,NC,9.815,5.4809,173878,88539,35707,0.4033,0.2738,0.3347,0.281,1.86,0.02325,0.057,0.609,0.6158,0.6808,poverty,High
451,Niger_LGA_24,Niger,NC,9.5501,5.7966,56017,26271,11124,0.4234,0.3424,0.3777,0.197,2.7,0.01555,0.0683,0.753,0.5814,0.5718,poverty,High
452,Niger_LGA_25,Niger,NC,9.9395,5.5973,126523,57858,26741,0.4622,0.4997,0.3645,0.1732,7.94,0.01805,0.071,0.644,0.5704,0.458,poverty,High
453,Ogun_LGA_01,Ogun,SW,6.7563,2.7986,165982,78481,14422,0.1838,0.2515,0.1719,0.0023,3.06,0.01097,0.0267,1.039,0.8632,0.6776,poverty,Low
454,Ogun_LGA_02,Ogun,SW,7.0836,3.244,35450,17189,2803,0.1631,0.135,0.0,0.0781,2.34,0.01106,0.0263,1.033,0.8969,0.8691,school_supply,Low
455,Ogun_LGA_03,Ogun,SW,6.6436,2.6095,120241,54535,15704,0.288,0.1585,0.1464,0.1109,8.35,0.01298,0.05,0.787,0.814,0.7219,distance,Medium
456,Ogun_LGA_04,Ogun,SW,7.8316,3.5914,111912,46017,13361,0.2904,0.3957,0.2305,0.0239,6.6,0.01821,0.0415,0.59,0.8751,0.6165,poverty,Medium
457,Ogun_LGA_05,Ogun,SW,6.4197,2.5949,102520,45135,11470,0.2541,0.3599,0.2002,0.1072,0.5,0.01761,0.0255,1.035,0.8793,0.6404,poverty,Medium
458,Ogun_LGA_06,Ogun,SW,6.4986,3.8918,194280,81549,19998,0.2452,0.2589,0.098,0.0071,2.5,0.01886,0.0545,1.302,0.8684,0.7651,poverty,Medium
459,Ogun_LGA_07,Ogun,SW,7.6472,3.581,116197,52568,6031,0.1147,0.1458,0.0,0.1244,2.06,0.01751,0.0336,0.56,0.7456,0.7586,school_supply,Low
460,Ogun_LGA_08,Ogun,SW,6.6108,3.9035,213364,97459,32719,0.3357,0.2791,0.1287,0.0282,4.28,0.01602,0.0561,0.964,0.8936,0.5155,poverty,Medium
461,Ogun_LGA_09,Ogun,SW,6.5358,3.5061,72167,32514,7452,0.2292,0.1749,0.0,0.1456,5.16,0.0136,0.0403,0.05,0.7532,0.7444,school_supply,Medium
462,Ogun_LGA_10,Ogun,SW,7.5021,3.9468,111436,57331,17302,0.3018,0.2183,0.1066,0.1457,4.83,0.01857,0.0485,0.402,0.8223,0.6807,school_supply,Medium
463,Ogun_LGA_11,Ogun,SW,6.7978,3.3498,226272,105190,22470,0.2136,0.1211,0.0251,0.0668,2.52,0.01307,0.0415,0.742,0.835,0.7094,school_supply,Medium
464,Ogun_LGA_12,Ogun,SW,7.2454,3.6733,94881,44539,11243,0.2524,0.1902,0.0374,0.1207,9.75,0.02174,0.0476,0.713,0.8393,0.6957,distance,Medium
465,Ogun_LGA_13,Ogun,SW,7.7552,3.6037,246439,103504,34713,0.3354,0.2016,0.1759,0.0612,5.38,0.01975,0.0489,0.601,0.8299,0.719,school_supply,Medium
466,Ogun_LGA_14,Ogun,SW,7.5744,3.8191,85164,46357,6438,0.1389,0.1863,0.0,0.0082,1.79,0.02947,0.0397,0.655,0.9381,0.8099,school_supply,Low
467,Ogun_LGA_15,Ogun,SW,7.3986,2.8889,156658,70681,16915,0.2393,0.2193,0.0732,0.0959,8.19,0.01524,0.0422,1.078,0.7472,0.7033,distance,Medium
468,Ogun_LGA_16,Ogun,SW,7.4312,3.8026,175198,94168,27764,0.2948,0.1481,0.1052,0.0027,0.99,0.02943,0.0392,0.739,0.8699,0.6653,school_supply,Medium
469,Ogun_LGA_17,Ogun,SW,6.9817,3.3611,68420,32177,7353,0.2285,0.2595,0.2645,0.1087,1.97,0.02469,0.0657,0.987,0.7476,0.6806,poverty,Medium
470,Ogun_LGA_18,Ogun,SW,7.577,3.0225,175003,75906,23588,0.3108,0.1563,0.2486,0.0652,4.51,0.01046,0.0213,0.425,0.849,0.8084,school_supply,Medium
471,Ogun_LGA_19,Ogun,SW,7.5042,2.9766,9784,5073,1682,0.3317,0.1136,0.1991,0.1649,9.69,0.01712,0.0526,0.366,0.8853,0.8588,distance,Medium
472,Ogun_LGA_20,Ogun,SW,6.7549,3.1063,18994,10421,1984,0.1904,0.195,0.0468,0.014,3.42,0.01,0.0375,0.831,0.7998,0.7385,school_supply,Low
473,Ondo_LGA_01,Ondo,SW,7.8086,4.6467,168880,89779,19267,0.2146,0.3151,0.1165,0.0476,1.9,0.01,0.0216,0.914,0.731,0.6791,poverty,Medium
474,Ondo_LGA_02,Ondo,SW,6.5152,5.8985,162108,80678,18384,0.2279,0.1356,0.0015,0.1194,1.03,0.01804,0.0464,0.803,0.8706,0.7371,school_supply,Medium
475,Ondo_LGA_03,Ondo,SW,6.9363,5.9404,185058,101570,20651,0.2033,0.2587,0.2147,0.018,2.85,0.03539,0.0374,0.81,0.7981,0.6498,poverty,Medium
476,Ondo_LGA_04,Ondo,SW,6.5311,5.1079,169635,89375,22164,0.248,0.25,0.312,0.0375,2.9,0.01449,0.0414,0.268,0.8948,0.6912,school_supply,Medium
477,Ondo_LGA_05,Ondo,SW,7.3452,5.5446,70638,37531,15840,0.4221,0.241,0.3074,0.1343,9.54,0.01553,0.0442,0.779,0.728,0.7024,distance,High
478,Ondo_LGA_06,Ondo,SW,7.174,4.9544,15660,7779,945,0.1215,0.0986,0.0,0.0961,1.54,0.01202,0.0402,0.386,0.8255,0.8531,school_supply,Low
479,Ondo_LGA_07,Ondo,SW,7.143,5.3896,136860,60026,14033,0.2338,0.2722,0.1073,0.0099,5.6,0.01,0.0299,1.208,0.8286,0.7495,poverty,Medium
480,Ondo_LGA_08,Ondo,SW,7.9968,5.7722,141148,58881,16733,0.2842,0.2164,0.0951,0.1343,6.43,0.01055,0.0524,0.721,0.7676,0.7151,school_supply,Medium
481,Ondo_LGA_09,Ondo,SW,6.7058,5.5615,12216,6691,1706,0.255,0.2874,0.1784,0.131,1.34,0.0214,0.0524,0.773,0.8427,0.7274,poverty,Medium
482,Ondo_LGA_10,Ondo,SW,7.1091,5.7526,134244,57756,15214,0.2634,0.264,0.1316,0.0439,2.38,0.01982,0.0334,0.839,0.8612,0.6436,poverty,Medium
483,Ondo_LGA_11,Ondo,SW,7.5336,4.4867,149089,77934,9478,0.1216,0.2062,0.0,0.0936,2.18,0.04161,0.0546,1.013,0.8599,0.7226,school_supply,Low
484,Ondo_LGA_12,Ondo,SW,6.9925,5.3952,78430,35806,4629,0.1293,0.05,0.0456,0.0476,5.44,0.01449,0.0366,1.317,0.893,0.827,school_supply,Low
485,Ondo_LGA_13,Ondo,SW,7.9841,5.6509,134062,57491,12197,0.2122,0.1664,0.0,0.0578,1.12,0.01,0.0396,1.06,0.8761,0.8617,school_supply,Medium
486,Ondo_LGA_14,Ondo,SW,7.038,4.9031,42348,20711,3511,0.1695,0.213,0.1974,0.032,1.77,0.0146,0.044,0.604,0.785,0.7289,school_supply,Low
487,Ondo_LGA_15,Ondo,SW,6.8063,4.9545,222826,98470,25743,0.2614,0.2332,0.1219,0.1133,0.5,0.02893,0.0461,0.863,0.9279,0.7361,school_supply,Medium
488,Ondo_LGA_16,Ondo,SW,6.6471,5.5449,149275,63233,17594,0.2783,0.1755,0.2153,0.1386,3.57,0.03176,0.0283,0.458,0.8213,0.7261,school_supply,Medium
489,Ondo_LGA_17,Ondo,SW,7.8202,4.8882,154646,71563,21162,0.2957,0.1968,0.097,0.1444,8.88,0.01203,0.0401,0.474,0.8193,0.7165,distance,Medium
490,Ondo_LGA_18,Ondo,SW,7.1283,5.0131,156207,62828,10828,0.1723,0.1637,0.0834,0.0596,6.88,0.02385,0.0355,1.178,0.8873,0.8111,distance,Low
491,Osun_LGA_01,Osun,SW,8.028,4.291,35211,14173,3167,0.2235,0.319,0.0,0.0371,0.5,0.02488,0.0224,0.319,0.8792,0.5154,poverty,Medium
492,Osun_LGA_02,Osun,SW,8.0038,5.216,175444,88017,26570,0.3019,0.2676,0.1285,0.0276,10.71,0.02319,0.0572,1.036,0.9372,0.6287,distance,Medium
493,Osun_LGA_03,Osun,SW,7.7886,5.0913,208973,100764,16176,0.1605,0.3013,0.1883,0.0447,1.54,0.02186,0.0472,0.397,0.8283,0.626,poverty,Low
494,Osun_LGA_04,Osun,SW,7.9167,4.3691,103573,47252,17908,0.379,0.2051,0.2684,0.0891,4.93,0.01973,0.051,0.623,0.8288,0.6609,school_supply,Medium
495,Osun_LGA_05,Osun,SW,7.9029,4.6909,212587,113254,22557,0.1992,0.1908,0.151,0.0475,1.89,0.01455,0.0434,0.693,0.8037,0.6614,school_supply,Low
496,Osun_LGA_06,Osun,SW,7.6021,5.2801,99861,42791,6409,0.1498,0.2561,0.1553,0.048,1.1,0.0113,0.0341,0.806,0.7771,0.6743,poverty,Low
497,Osun_LGA_07,Osun,SW,8.3105,4.8132,189662,93457,13414,0.1435,0.133,0.0,0.0812,1.38,0.01664,0.0378,1.121,0.6952,0.8786,school_supply,Low
498,Osun_LGA_08,Osun,SW,8.318,4.4012,127528,62512,16090,0.2574,0.1665,0.1812,0.0544,6.08,0.01857,0.0451,0.445,0.7083,0.8498,school_supply,Medium
499,Osun_LGA_09,Osun,SW,7.4281,4.0829,152932,63749,24443,0.3834,0.3418,0.158,0.0,16.99,0.01668,0.0373,0.283,0.9055,0.538,distance,Medium
500,Osun_LGA_10,Osun,SW,8.2092,3.8964,60035,27957,7528,0.2693,0.2499,0.0502,0.0056,3.66,0.01612,0.0367,1.085,0.7772,0.7618,poverty,Medium
501,Osun_LGA_11,Osun,SW,7.1223,4.5601,184761,85699,15496,0.1808,0.1608,0.0656,0.1001,0.5,0.02992,0.036,0.855,0.7774,0.7057,school_supply,Low
502,Osun_LGA_12,Osun,SW,7.7338,4.7651,239603,129893,39111,0.3011,0.3213,0.2122,0.0307,5.03,0.02383,0.0168,1.133,0.8229,0.7024,poverty,Medium
503,Osun_LGA_13,Osun,SW,7.6034,4.8733,146601,74910,17523,0.2339,0.0904,0.1596,0.0938,3.94,0.0284,0.0341,0.499,0.7305,0.8923,school_supply,Medium
504,Osun_LGA_14,Osun,SW,7.8056,4.2085,169318,75574,11007,0.1456,0.2529,0.0985,0.0415,0.89,0.0188,0.032,0.98,0.8349,0.6969,poverty,Low
505,Osun_LGA_15,Osun,SW,7.1464,4.9169,235209,113437,40962,0.3611,0.2707,0.0612,0.045,10.66,0.01705,0.0337,1.362,0.8362,0.7448,distance,Medium
506,Osun_LGA_16,Osun,SW,7.3722,4.9982,127566,60157,10650,0.177,0.1066,0.2082,0.0215,2.53,0.01,0.0556,1.146,0.8375,0.7464,school_supply,Low
507,Osun_LGA_17,Osun,SW,7.6401,4.3436,204028,105286,17298,0.1643,0.1483,0.0,0.0289,7.58,0.01687,0.0436,0.583,0.8452,0.8626,school_supply,Low
508,Osun_LGA_18,Osun,SW,7.158,5.282,145300,74824,15656,0.2092,0.284,0.0877,0.0906,0.5,0.01623,0.0509,0.572,0.9022,0.6249,poverty,Medium
509,Osun_LGA_19,Osun,SW,7.7667,4.7164,217881,99943,23522,0.2354,0.2198,0.1044,0.033,0.52,0.02112,0.0338,0.761,0.7596,0.8195,school_supply,Medium
510,Oyo_LGA_01,Oyo,SW,8.2373,4.319,138190,75518,13813,0.1829,0.1681,0.0,0.0482,4.58,0.02767,0.0286,0.92,0.8412,0.7661,school_supply,Low
511,Oyo_LGA_02,Oyo,SW,8.199,3.5194,25814,10714,2154,0.2011,0.2594,0.094,0.0436,0.5,0.01751,0.0134,0.05,0.9418,0.728,school_supply,Medium
512,Oyo_LGA_03,Oyo,SW,8.0095,3.5317,203114,108270,19480,0.1799,0.0966,0.058,0.0606,4.21,0.03374,0.0624,0.943,0.8391,0.7483,school_supply,Low
513,Oyo_LGA_04,Oyo,SW,8.1063,3.4458,186724,85028,15434,0.1815,0.2118,0.0,0.1144,2.66,0.02966,0.038,0.759,0.743,0.7474,school_supply,Low
514,Oyo_LGA_05,Oyo,SW,7.2501,3.7425,38387,19498,3372,0.173,0.0635,0.0769,0.0998,4.32,0.01813,0.0416,0.762,0.7576,0.841,school_supply,Low
515,Oyo_LGA_06,Oyo,SW,7.7332,4.2625,204070,106393,30185,0.2837,0.1926,0.015,0.0646,27.59,0.01139,0.0254,0.48,0.9486,0.69,distance,Medium
516,Oyo_LGA_07,Oyo,SW,8.3219,3.4631,128018,64191,12590,0.1961,0.2031,0.1053,0.1764,2.56,0.01506,0.0469,1.441,0.7096,0.6751,poverty,Low
517,Oyo_LGA_08,Oyo,SW,7.8162,3.6667,194106,94185,17622,0.1871,0.0862,0.08,0.1123,0.7,0.01184,0.0265,0.731,0.7794,0.8327,school_supply,Low
518,Oyo_LGA_09,Oyo,SW,7.2857,4.6627,192784,77309,31447,0.4068,0.3153,0.0562,0.0237,14.82,0.0184,0.0391,0.551,0.6782,0.5882,distance,High
519,Oyo_LGA_10,Oyo,SW,8.4395,3.5953,104595,46692,11248,0.2409,0.3106,0.1767,0.1455,2.05,0.02793,0.0471,0.738,0.8367,0.6036,poverty,Medium
520,Oyo_LGA_11,Oyo,SW,7.2676,3.5024,92675,47194,12247,0.2595,0.3378,0.078,0.0828,6.39,0.0225,0.0544,0.427,0.98,0.6503,poverty,Medium
521,Oyo_LGA_12,Oyo,SW,7.9436,4.3055,192840,90132,22464,0.2492,0.0506,0.156,0.0866,6.67,0.01,0.0561,0.632,0.8042,0.7933,school_supply,Medium
522,Oyo_LGA_13,Oyo,SW,8.3269,4.6207,210461,84365,15178,0.1799,0.147,0.0,0.0336,2.54,0.01769,0.0403,1.009,0.9266,0.7522,school_supply,Low
523,Oyo_LGA_14,Oyo,SW,8.6069,4.6057,94732,40208,7691,0.1913,0.1425,0.0792,0.0219,5.67,0.01,0.0242,0.7,0.8259,0.699,school_supply,Low
524,Oyo_LGA_15,Oyo,SW,7.8926,3.5634,220717,120805,32659,0.2704,0.1471,0.2478,0.0844,3.06,0.02079,0.0412,1.164,0.792,0.806,school_supply,Medium
525,Oyo_LGA_16,Oyo,SW,7.6937,4.0,9364,4716,785,0.1666,0.2405,0.082,0.144,0.5,0.01662,0.0354,0.436,0.8845,0.6425,school_supply,Low
526,Oyo_LGA_17,Oyo,SW,7.4903,3.443,197351,87909,22767,0.259,0.05,0.3018,0.0387,0.5,0.02476,0.0473,0.882,0.9198,0.881,school_supply,Medium
527,Oyo_LGA_18,Oyo,SW,7.3648,3.7282,247256,129317,39913,0.3086,0.4089,0.0426,0.1348,3.62,0.02884,0.0331,0.988,0.8197,0.611,poverty,Medium
528,Oyo_LGA_19,Oyo,SW,8.6295,4.5366,84460,45287,13542,0.299,0.2328,0.1224,0.1081,1.74,0.02041,0.0518,0.116,0.8871,0.6737,school_supply,Medium
529,Oyo_LGA_20,Oyo,SW,7.1315,4.5444,116489,61623,16121,0.2616,0.2701,0.1868,0.0556,5.88,0.01471,0.0484,0.787,0.7563,0.5727,poverty,Medium
530,Oyo_LGA_21,Oyo,SW,7.0837,3.5131,194373,104936,25221,0.2403,0.0953,0.0955,0.0515,9.02,0.03033,0.0267,0.971,0.9225,0.8049,distance,Medium
531,Oyo_LGA_22,Oyo,SW,8.3259,3.3167,40119,16524,3669,0.2221,0.1214,0.199,0.1183,1.3,0.01,0.0389,0.858,0.7484,0.7727,school_supply,Medium
532,Oyo_LGA_23,Oyo,SW,8.0789,3.8601,63866,28229,6106,0.2163,0.2281,0.0943,0.0858,3.53,0.01332,0.0323,0.639,0.8415,0.7021,school_supply,Medium
533,Oyo_LGA_24,Oyo,SW,8.0388,3.6282,101611,51781,18477,0.3568,0.1554,0.4294,0.0811,10.98,0.02702,0.0309,1.073,0.8231,0.7382,distance,Medium
534,Oyo_LGA_25,Oyo,SW,8.5989,3.816,242343,101740,33231,0.3266,0.1644,0.1611,0.1205,12.27,0.03501,0.0485,0.864,0.8601,0.7589,distance,Medium
535,Oyo_LGA_26,Oyo,SW,7.9249,3.5861,126156,68495,18071,0.2638,0.2017,0.1774,0.0932,0.5,0.03492,0.0386,0.776,0.8126,0.694,school_supply,Medium
536,Oyo_LGA_27,Oyo,SW,7.8323,3.7449,43281,18412,4187,0.2274,0.2495,0.1074,0.0505,5.39,0.01632,0.0425,0.861,0.8882,0.6445,poverty,Medium
537,Oyo_LGA_28,Oyo,SW,8.5121,4.6107,30135,13638,3158,0.2316,0.2813,0.0031,0.0251,1.89,0.01525,0.0381,0.496,0.9066,0.6892,poverty,Medium
538,Oyo_LGA_29,Oyo,SW,7.6563,4.642,40253,20559,3321,0.1616,0.1348,0.229,0.0982,2.0,0.02033,0.037,0.462,0.8542,0.7579,school_supply,Low
539,Oyo_LGA_30,Oyo,SW,8.4872,3.7539,60293,29445,6794,0.2308,0.13,0.1651,0.0567,2.53,0.01848,0.0321,0.834,0.739,0.81,school_supply,Medium
540,Oyo_LGA_31,Oyo,SW,8.274,4.3096,136117,60219,2951,0.049,0.1102,0.0322,0.079,1.62,0.03389,0.0404,1.351,0.8168,0.8558,school_supply,Low
541,Oyo_LGA_32,Oyo,SW,8.248,3.4288,55868,25985,7007,0.2697,0.095,0.1427,0.1053,2.92,0.01193,0.0353,0.51,0.8319,0.8196,school_supply,Medium
542,Oyo_LGA_33,Oyo,SW,7.6224,3.488,137855,61638,12437,0.2018,0.1167,0.1073,0.1192,1.29,0.0165,0.0456,0.926,0.7968,0.8258,school_supply,Medium
543,Plateau_LGA_01,Plateau,NC,9.3851,10.2493,146842,58813,16898,0.2873,0.4868,0.3983,0.1705,1.04,0.01789,0.0526,1.146,0.5642,0.4395,poverty,Medium
544,Plateau_LGA_02,Plateau,NC,8.7083,9.9701,238573,110622,44888,0.4058,0.5732,0.4394,0.2526,1.94,0.01291,0.0581,0.917,0.5714,0.3976,poverty,High
545,Plateau_LGA_03,Plateau,NC,9.2246,10.1862,115816,59568,24645,0.4137,0.4007,0.5164,0.1701,8.65,0.01901,0.0596,0.668,0.6659,0.4486,poverty,High
546,Plateau_LGA_04,Plateau,NC,9.8583,9.91,249994,127580,46731,0.3663,0.5803,0.5019,0.2088,0.66,0.01987,0.0478,0.749,0.565,0.3638,poverty,Medium
547,Plateau_LGA_05,Plateau,NC,9.7772,9.7144,228441,92051,45765,0.4972,0.5555,0.6388,0.2336,0.59,0.01136,0.0715,0.819,0.8395,0.3818,poverty,High
548,Plateau_LGA_06,Plateau,NC,8.9829,9.4594,95764,43926,20504,0.4668,0.4112,0.3967,0.1385,12.4,0.01836,0.0605,0.967,0.4914,0.5943,distance,High
549,Plateau_LGA_07,Plateau,NC,8.9538,10.2585,226646,108742,36080,0.3318,0.4416,0.2876,0.2029,2.22,0.01138,0.0615,0.692,0.5326,0.5361,poverty,Medium
550,Plateau_LGA_08,Plateau,NC,8.5998,8.7315,81893,43731,14791,0.3382,0.4563,0.4559,0.2231,0.5,0.0254,0.0669,0.982,0.5296,0.4455,poverty,Medium
551,Plateau_LGA_09,Plateau,NC,8.889,8.9125,155038,70370,22424,0.3187,0.3423,0.4743,0.1965,0.5,0.02066,0.0557,1.127,0.6271,0.6268,poverty,Medium
552,Plateau_LGA_10,Plateau,NC,9.9899,10.1644,26309,11098,4602,0.4147,0.3904,0.5382,0.1329,1.11,0.01,0.0657,1.072,0.5789,0.5495,poverty,High
553,Plateau_LGA_11,Plateau,NC,9.4088,9.423,105487,57988,22138,0.3818,0.6744,0.4727,0.1055,2.55,0.01,0.0624,1.043,0.5671,0.2695,poverty,Medium
554,Plateau_LGA_12,Plateau,NC,9.2402,9.6382,153199,70822,23717,0.3349,0.4265,0.3736,0.2107,0.5,0.02458,0.062,0.862,0.5243,0.5408,poverty,Medium
555,Plateau_LGA_13,Plateau,NC,9.7143,9.19,48589,26008,13751,0.5287,0.5581,0.6444,0.2376,6.82,0.01,0.0708,0.833,0.5804,0.4564,poverty,High
556,Plateau_LGA_14,Plateau,NC,9.7613,9.5342,237342,96037,40908,0.426,0.5371,0.5211,0.2624,0.5,0.02006,0.0366,0.468,0.7011,0.3391,poverty,High
557,Plateau_LGA_15,Plateau,NC,8.9435,9.8476,123382,63450,29719,0.4684,0.3985,0.4948,0.2175,8.76,0.02874,0.052,0.836,0.6756,0.5213,poverty,High
558,Plateau_LGA_16,Plateau,NC,9.6622,8.9478,59849,29617,11725,0.3959,0.3994,0.4369,0.2612,1.68,0.01148,0.0618,0.088,0.5941,0.5886,poverty,Medium
559,Plateau_LGA_17,Plateau,NC,10.0071,8.9982,167710,78446,32137,0.4097,0.4771,0.5465,0.2481,3.21,0.01862,0.0467,0.739,0.5391,0.3783,poverty,High
560,Rivers_LGA_01,Rivers,SS,4.0181,7.525,82997,43535,13407,0.308,0.2068,0.3936,0.0,2.17,0.01954,0.0523,0.582,0.573,0.6739,school_supply,Medium
561,Rivers_LGA_02,Rivers,SS,4.9042,6.4461,84900,39497,14194,0.3594,0.3627,0.396,0.0933,2.28,0.01856,0.0543,0.349,0.5089,0.5925,poverty,Medium
562,Rivers_LGA_03,Rivers,SS,4.6616,6.5672,144659,76451,33293,0.4355,0.3132,0.3421,0.1297,13.06,0.01736,0.0435,0.351,0.8442,0.6392,distance,High
563,Rivers_LGA_04,Rivers,SS,4.1686,6.6155,104611,48754,16548,0.3394,0.272,0.2604,0.0799,7.94,0.01,0.0659,0.89,0.702,0.6931,poverty,Medium
564,Rivers_LGA_05,Rivers,SS,4.6848,7.0023,115671,50904,16887,0.3318,0.4036,0.3753,0.1081,4.71,0.03275,0.0452,0.917,0.7531,0.5063,poverty,Medium
565,Rivers_LGA_06,Rivers,SS,5.338,6.8692,215357,106649,35400,0.3319,0.3713,0.4266,0.1277,2.6,0.02534,0.0444,0.936,0.7189,0.5562,poverty,Medium
566,Rivers_LGA_07,Rivers,SS,5.1441,6.794,111456,47952,18710,0.3902,0.4368,0.394,0.1334,2.56,0.02931,0.0454,1.015,0.6422,0.4476,poverty,Medium
567,Rivers_LGA_08,Rivers,SS,5.2013,6.6614,219420,104243,27604,0.2648,0.3464,0.1699,0.0993,3.33,0.0167,0.0593,0.876,0.6014,0.6308,poverty,Medium
568,Rivers_LGA_09,Rivers,SS,4.6399,7.2057,33975,17086,6576,0.3849,0.2567,0.4848,0.0991,9.68,0.01662,0.0618,0.643,0.5964,0.635,conflict,Medium
569,Rivers_LGA_10,Rivers,SS,4.5231,7.7021,61922,33804,8818,0.2609,0.3287,0.2834,0.1165,4.52,0.02004,0.0531,0.294,0.7049,0.589,poverty,Medium
570,Rivers_LGA_11,Rivers,SS,5.0171,7.1149,116230,48063,17915,0.3727,0.4268,0.2956,0.1898,0.5,0.01658,0.0524,0.694,0.7888,0.4493,poverty,Medium
571,Rivers_LGA_12,Rivers,SS,4.9458,6.7301,174009,76824,17695,0.2303,0.3388,0.1116,0.0,1.34,0.01984,0.0493,0.99,0.676,0.5397,poverty,Medium
572,Rivers_LGA_13,Rivers,SS,4.4382,6.534,187314,95750,34833,0.3638,0.4221,0.2379,0.0565,3.51,0.02896,0.0487,0.592,0.7941,0.6272,poverty,Medium
573,Rivers_LGA_14,Rivers,SS,4.0423,6.3936,211664,101872,19081,0.1873,0.2474,0.2795,0.0687,1.61,0.01375,0.0471,0.96,0.7104,0.5841,poverty,Low
574,Rivers_LGA_15,Rivers,SS,5.0172,7.4336,95805,48469,14408,0.2973,0.3705,0.2213,0.1123,0.5,0.01051,0.0574,1.045,0.7959,0.5361,poverty,Medium
575,Rivers_LGA_16,Rivers,SS,4.8368,7.6472,61081,30146,12386,0.4109,0.1563,0.2698,0.1046,13.71,0.03463,0.0384,0.631,0.6476,0.7311,distance,High
576,Sokoto_LGA_01,Sokoto,NW,13.7876,4.7401,168370,92108,56368,0.612,0.9245,0.5121,0.3947,7.3,0.01,0.0817,0.965,0.1787,0.0519,poverty,Critical
577,Sokoto_LGA_02,Sokoto,NW,12.3415,5.9276,61077,30778,16934,0.5502,0.7333,0.3707,0.3936,9.04,0.01192,0.0951,0.507,0.4303,0.2182,poverty,High
578,Sokoto_LGA_03,Sokoto,NW,13.1517,4.552,9149,4479,2201,0.4915,0.8552,0.1531,0.3887,2.8,0.02519,0.067,0.449,0.2889,0.1397,poverty,High
579,Sokoto_LGA_04,Sokoto,NW,13.7523,5.1022,111008,46148,27946,0.6056,0.862,0.4224,0.3729,15.15,0.02111,0.0705,0.626,0.3823,0.195,poverty,Critical
580,Sokoto_LGA_05,Sokoto,NW,12.4871,4.8551,70037,29590,15981,0.5401,0.9183,0.346,0.3879,4.42,0.01923,0.0689,1.565,0.2577,0.0703,poverty,High
581,Sokoto_LGA_06,Sokoto,NW,12.2826,5.6879,153902,66223,39178,0.5916,0.8012,0.2884,0.5075,5.54,0.02497,0.0767,0.694,0.3076,0.1014,poverty,High
582,Sokoto_LGA_07,Sokoto,NW,13.7754,5.5058,193932,93843,50095,0.5338,0.7481,0.5443,0.3565,0.5,0.02808,0.0785,0.387,0.2349,0.2697,poverty,High
583,Sokoto_LGA_08,Sokoto,NW,12.7049,4.4816,32460,12994,6706,0.5162,0.8577,0.3066,0.3512,1.19,0.01476,0.0525,0.995,0.2611,0.1514,poverty,High
584,Sokoto_LGA_09,Sokoto,NW,13.4823,5.5758,95464,48632,27220,0.5597,0.735,0.3992,0.4337,5.62,0.0296,0.0757,1.421,0.5138,0.2526,poverty,High
585,Sokoto_LGA_10,Sokoto,NW,13.2068,5.3858,145504,67163,32570,0.485,0.9205,0.4274,0.3887,0.5,0.01,0.0781,0.574,0.4174,0.1213,poverty,High
586,Sokoto_LGA_11,Sokoto,NW,12.9925,5.9298,49221,26598,14214,0.5344,0.9196,0.6118,0.3154,1.65,0.01381,0.0817,0.804,0.3253,0.1237,poverty,High
587,Sokoto_LGA_12,Sokoto,NW,13.1834,4.9274,115718,48467,24203,0.4994,0.7217,0.3951,0.3917,1.42,0.02728,0.0794,1.119,0.3284,0.2492,poverty,High
588,Sokoto_LGA_13,Sokoto,NW,12.9389,5.2938,107932,53133,27420,0.5161,0.755,0.4759,0.371,6.16,0.02051,0.0952,0.454,0.2259,0.1897,poverty,High
589,Sokoto_LGA_14,Sokoto,NW,13.1839,4.6415,114520,60563,34856,0.5755,0.7816,0.3613,0.3701,7.12,0.01387,0.0668,1.039,0.3267,0.2985,poverty,High
590,Sokoto_LGA_15,Sokoto,NW,13.1064,5.1634,18793,9210,4860,0.5277,0.8793,0.4575,0.3295,2.32,0.01,0.086,0.721,0.331,0.024,poverty,High
591,Sokoto_LGA_16,Sokoto,NW,12.7335,4.8563,236570,119840,91803,0.766,0.8667,0.627,0.399,14.29,0.01308,0.0633,0.694,0.2162,0.1207,poverty,Critical
592,Sokoto_LGA_17,Sokoto,NW,13.7708,5.0099,148056,68536,38027,0.5548,0.8919,0.3271,0.4545,1.47,0.01549,0.0834,0.978,0.4055,0.0928,poverty,High
593,Sokoto_LGA_18,Sokoto,NW,12.3307,5.6717,41451,17156,8005,0.4666,0.7044,0.4599,0.4021,1.88,0.03065,0.0657,1.293,0.3422,0.2819,poverty,High
594,Sokoto_LGA_19,Sokoto,NW,13.0929,5.3586,207978,90444,48776,0.5393,0.8042,0.1807,0.3229,2.0,0.0109,0.0943,0.52,0.3294,0.2075,poverty,High
595,Sokoto_LGA_20,Sokoto,NW,12.8702,5.5152,242084,119547,57939,0.4847,0.7986,0.4659,0.4789,1.16,0.03441,0.0739,1.029,0.3831,0.1278,poverty,High
596,Sokoto_LGA_21,Sokoto,NW,13.1232,5.0671,224196,112158,62112,0.5538,0.8142,0.3931,0.3955,0.64,0.02117,0.0736,1.597,0.2313,0.138,poverty,High
597,Sokoto_LGA_22,Sokoto,NW,12.4424,5.9193,227392,103598,61869,0.5972,0.8399,0.4334,0.4618,4.02,0.01624,0.0819,0.241,0.3519,0.1044,poverty,High
598,Sokoto_LGA_23,Sokoto,NW,12.7961,5.4598,80660,37277,17530,0.4703,0.7219,0.315,0.4577,1.29,0.02958,0.0956,0.568,0.4639,0.177,poverty,High
599,Taraba_LGA_01,Taraba,NE,8.3238,11.0847,83160,44788,24515,0.5474,0.8232,0.6215,0.3866,5.45,0.02253,0.0954,0.861,0.4674,0.0777,poverty,High
600,Taraba_LGA_02,Taraba,NE,8.5,10.7364,94950,40183,24993,0.622,0.7121,0.6127,0.4178,4.27,0.01565,0.0936,0.05,0.3219,0.3142,poverty,Critical
601,Taraba_LGA_03,Taraba,NE,7.696,10.6437,48589,20044,11066,0.5521,0.7247,0.6116,0.3484,1.76,0.03268,0.1038,0.678,0.3237,0.3116,poverty,High
602,Taraba_LGA_04,Taraba,NE,8.5734,11.6255,224747,102421,61219,0.5977,0.6632,0.6634,0.4489,6.46,0.0259,0.0762,0.859,0.5712,0.2597,poverty,High
603,Taraba_LGA_05,Taraba,NE,8.2661,12.0411,72591,32840,22905,0.6975,0.6708,0.7224,0.3202,2.53,0.01945,0.1004,0.984,0.4366,0.2761,poverty,Critical
604,Taraba_LGA_06,Taraba,NE,7.8046,10.5738,147266,75525,31231,0.4135,0.6462,0.5363,0.3693,1.13,0.01987,0.1078,1.174,0.3873,0.258,poverty,High
605,Taraba_LGA_07,Taraba,NE,8.1768,11.6278,120289,63819,26925,0.4219,0.5559,0.5175,0.3745,4.26,0.0157,0.0817,1.018,0.3625,0.4268,poverty,High
606,Taraba_LGA_08,Taraba,NE,7.7558,10.6185,80355,39854,23317,0.5851,0.8238,0.5467,0.3402,11.8,0.01,0.1025,1.196,0.4688,0.1242,poverty,High
607,Taraba_LGA_09,Taraba,NE,8.0053,10.9003,54408,28553,16228,0.5684,0.8019,0.495,0.4138,6.1,0.03258,0.0957,1.118,0.4382,0.2272,poverty,High
608,Taraba_LGA_10,Taraba,NE,8.0732,10.7854,209594,111992,71030,0.6342,0.7855,0.6634,0.3996,6.54,0.01387,0.101,0.905,0.3185,0.1834,poverty,Critical
609,Taraba_LGA_11,Taraba,NE,7.3449,12.0016,35956,17342,10651,0.6142,0.8768,0.4844,0.4153,9.12,0.02898,0.0897,0.46,0.291,0.0903,poverty,Critical
610,Taraba_LGA_12,Taraba,NE,7.7184,11.5771,152000,69597,36720,0.5276,0.7888,0.4762,0.3459,6.72,0.01837,0.1084,0.87,0.2709,0.211,poverty,High
611,Taraba_LGA_13,Taraba,NE,8.0024,11.247,49597,27149,14428,0.5314,0.8029,0.62,0.41,4.19,0.02468,0.0844,1.132,0.3495,0.1856,poverty,High
612,Taraba_LGA_14,Taraba,NE,7.8761,10.8311,42115,20869,11390,0.5458,0.6138,0.6497,0.339,4.53,0.01707,0.0788,0.823,0.3267,0.411,poverty,High
613,Taraba_LGA_15,Taraba,NE,7.2121,11.8843,129039,62289,30395,0.488,0.7827,0.49,0.325,0.5,0.02438,0.0775,0.614,0.3277,0.2844,poverty,High
614,Taraba_LGA_16,Taraba,NE,7.4444,12.1025,106923,45530,25103,0.5514,0.6962,0.6105,0.4026,3.17,0.02207,0.0908,0.751,0.3763,0.2521,poverty,High
615,Yobe_LGA_01,Yobe,NE,11.9825,11.1544,129939,53514,35337,0.6603,0.7819,0.9472,0.3876,2.62,0.02187,0.0786,1.193,0.4149,0.1628,poverty,Critical
616,Yobe_LGA_02,Yobe,NE,12.9182,11.6892,55881,26731,17268,0.646,0.7959,0.7259,0.3897,3.0,0.01,0.0925,0.786,0.4104,0.1855,poverty,Critical
617,Yobe_LGA_03,Yobe,NE,12.207,11.923,209106,109580,69705,0.6361,0.8033,0.8481,0.403,2.19,0.02512,0.1013,0.708,0.3206,0.1613,poverty,Critical
618,Yobe_LGA_04,Yobe,NE,12.7278,11.9811,50168,24031,15649,0.6512,0.7356,0.8724,0.422,7.52,0.02635,0.0835,0.941,0.3846,0.3162,poverty,Critical
619,Yobe_LGA_05,Yobe,NE,12.9529,11.5307,67437,35675,20568,0.5765,0.7442,0.7733,0.3543,1.07,0.02927,0.084,0.97,0.4252,0.1604,poverty,High
620,Yobe_LGA_06,Yobe,NE,12.3361,11.441,237008,129203,77364,0.5988,0.6465,0.8122,0.4263,3.48,0.01494,0.0945,0.944,0.2053,0.419,poverty,High
621,Yobe_LGA_07,Yobe,NE,11.7079,11.9744,204693,111012,82098,0.7395,0.804,0.7435,0.4072,13.17,0.02198,0.0823,1.059,0.3049,0.2887,poverty,Critical
622,Yobe_LGA_08,Yobe,NE,11.9013,10.9322,34954,17172,9537,0.5554,0.7423,0.6446,0.4552,0.59,0.01974,0.0777,0.624,0.2543,0.2792,poverty,High
623,Yobe_LGA_09,Yobe,NE,12.7687,11.7763,141596,64452,39410,0.6115,0.7691,0.7666,0.4219,4.78,0.01369,0.0661,0.145,0.5439,0.312,poverty,Critical
624,Yobe_LGA_10,Yobe,NE,12.2184,11.7509,108551,53543,30575,0.571,0.769,0.7987,0.3516,2.57,0.02244,0.0802,0.936,0.3623,0.2143,poverty,High
625,Yobe_LGA_11,Yobe,NE,12.4245,11.2186,149039,79098,48370,0.6115,0.7124,0.8028,0.4762,1.44,0.0192,0.1046,0.564,0.383,0.2755,poverty,Critical
626,Yobe_LGA_12,Yobe,NE,11.6132,11.8765,18532,8577,5170,0.6029,0.6908,0.7774,0.322,3.55,0.01678,0.0833,0.95,0.3085,0.3168,poverty,Critical
627,Yobe_LGA_13,Yobe,NE,12.6823,11.0565,210251,107015,71295,0.6662,0.8006,0.818,0.4172,4.94,0.01,0.1001,0.774,0.4632,0.214,poverty,Critical
628,Yobe_LGA_14,Yobe,NE,12.4517,10.9538,51085,20473,11852,0.5789,0.7357,0.9023,0.4012,0.5,0.01688,0.0923,1.158,0.3957,0.2644,poverty,High
629,Yobe_LGA_15,Yobe,NE,11.6625,11.406,242511,121914,75157,0.6165,0.7564,0.8214,0.3449,0.5,0.02258,0.0985,1.025,0.3113,0.2681,poverty,Critical
630,Yobe_LGA_16,Yobe,NE,12.2264,11.6718,99811,46297,27612,0.5964,0.8067,0.8767,0.4498,0.5,0.01,0.1101,1.12,0.3592,0.1225,poverty,High
631,Yobe_LGA_17,Yobe,NE,11.9358,12.2274,154711,66114,35484,0.5367,0.7047,0.6884,0.3993,1.3,0.02122,0.0766,0.724,0.4572,0.2961,poverty,High
632,Zamfara_LGA_01,Zamfara,NW,12.5364,7.1039,106085,46516,27214,0.5851,0.779,0.8298,0.4751,1.24,0.01,0.082,1.413,0.241,0.2004,poverty,High
633,Zamfara_LGA_02,Zamfara,NW,12.6903,6.6696,197023,86975,63150,0.7261,0.9222,0.7882,0.3825,18.48,0.01,0.0828,1.416,0.3807,0.1044,poverty,Critical
634,Zamfara_LGA_03,Zamfara,NW,11.706,6.4099,29856,11960,7507,0.6277,0.939,0.8805,0.4018,0.5,0.01372,0.0655,0.462,0.348,0.0403,poverty,Critical
635,Zamfara_LGA_04,Zamfara,NW,11.6821,5.9498,181193,82240,55919,0.68,0.7943,0.7383,0.4463,11.49,0.01,0.08,0.829,0.3763,0.1582,poverty,Critical
636,Zamfara_LGA_05,Zamfara,NW,11.9512,6.2174,105856,52822,39510,0.748,0.7941,0.7947,0.5238,16.96,0.02463,0.0865,1.019,0.3672,0.195,poverty,Critical
637,Zamfara_LGA_06,Zamfara,NW,12.5292,6.7677,10058,4230,3488,0.8246,0.8443,0.8856,0.3565,13.93,0.0279,0.0949,0.569,0.3053,0.2492,poverty,Critical
638,Zamfara_LGA_07,Zamfara,NW,11.802,6.1257,230385,111681,70844,0.6343,0.7956,0.8943,0.4679,1.89,0.01706,0.0892,0.761,0.3045,0.2345,poverty,Critical
639,Zamfara_LGA_08,Zamfara,NW,11.5346,7.4096,246251,104303,58658,0.5624,0.8299,0.8031,0.3517,3.69,0.01112,0.0846,0.21,0.2631,0.0599,poverty,High
640,Zamfara_LGA_09,Zamfara,NW,11.7735,7.0226,147796,72256,40039,0.5541,0.9539,0.6194,0.4149,1.15,0.01006,0.0789,1.168,0.392,0.02,poverty,High
641,Zamfara_LGA_10,Zamfara,NW,12.3304,6.077,143396,76920,44735,0.5816,0.8038,0.7859,0.3913,1.0,0.0245,0.0815,0.715,0.3761,0.2179,poverty,High
642,Zamfara_LGA_11,Zamfara,NW,12.6868,7.4475,29465,14614,7151,0.4894,0.9644,0.6661,0.3827,3.48,0.03823,0.075,0.65,0.3143,0.0368,poverty,High
643,Zamfara_LGA_12,Zamfara,NW,12.7776,7.2614,104813,43208,29897,0.6919,0.9031,0.9309,0.3906,4.61,0.01082,0.0877,0.628,0.2492,0.0779,poverty,Critical
644,Zamfara_LGA_13,Zamfara,NW,12.5399,6.1387,193778,105895,67890,0.6411,0.9038,0.7348,0.4113,1.94,0.02551,0.0825,0.578,0.4144,0.1731,poverty,Critical
645,Zamfara_LGA_14,Zamfara,NW,11.6099,6.0766,200951,106098,59853,0.5641,0.8645,0.7544,0.3866,3.26,0.03225,0.0803,0.429,0.2483,0.1289,poverty,High
